run_id	argv_json
S2c/tall/fern_fronds/rho-0.00/seed-101	["--run-id", "S2c/tall/fern_fronds/rho-0.00/seed-101", "--experiment", "S2c", "--group", "semantic", "--mode", "semantic", "--structure", "tall", "--clip", "fern fronds", "--blend-rho", "0.0", "--seed", "101", "--physics-beta-max", "8"]
S2c/tall/fern_fronds/rho-0.50/seed-101	["--run-id", "S2c/tall/fern_fronds/rho-0.50/seed-101", "--experiment", "S2c", "--group", "semantic", "--mode", "semantic", "--structure", "tall", "--clip", "fern fronds", "--blend-rho", "0.5", "--seed", "101", "--physics-beta-max", "8"]
S2c/tall/fern_fronds/rho-1.00/seed-101	["--run-id", "S2c/tall/fern_fronds/rho-1.00/seed-101", "--experiment", "S2c", "--group", "semantic", "--mode", "semantic", "--structure", "tall", "--clip", "fern fronds", "--blend-rho", "1.0", "--seed", "101", "--physics-beta-max", "8"]
S2c/tall/fern_fronds/rho-0.00/seed-202	["--run-id", "S2c/tall/fern_fronds/rho-0.00/seed-202", "--experiment", "S2c", "--group", "semantic", "--mode", "semantic", "--structure", "tall", "--clip", "fern fronds", "--blend-rho", "0.0", "--seed", "202", "--physics-beta-max", "8"]
S2c/tall/fern_fronds/rho-0.50/seed-202	["--run-id", "S2c/tall/fern_fronds/rho-0.50/seed-202", "--experiment", "S2c", "--group", "semantic", "--mode", "semantic", "--structure", "tall", "--clip", "fern fronds", "--blend-rho", "0.5", "--seed", "202", "--physics-beta-max", "8"]
S2c/tall/fern_fronds/rho-1.00/seed-202	["--run-id", "S2c/tall/fern_fronds/rho-1.00/seed-202", "--experiment", "S2c", "--group", "semantic", "--mode", "semantic", "--structure", "tall", "--clip", "fern fronds", "--blend-rho", "1.0", "--seed", "202", "--physics-beta-max", "8"]
S2c/tall/fern_fronds/rho-0.00/seed-303	["--run-id", "S2c/tall/fern_fronds/rho-0.00/seed-303", "--experiment", "S2c", "--group", "semantic", "--mode", "semantic", "--structure", "tall", "--clip", "fern fronds", "--blend-rho", "0.0", "--seed", "303", "--physics-beta-max", "8"]
S2c/tall/fern_fronds/rho-0.50/seed-303	["--run-id", "S2c/tall/fern_fronds/rho-0.50/seed-303", "--experiment", "S2c", "--group", "semantic", "--mode", "semantic", "--structure", "tall", "--clip", "fern fronds", "--blend-rho", "0.5", "--seed", "303", "--physics-beta-max", "8"]
S2c/tall/fern_fronds/rho-1.00/seed-303	["--run-id", "S2c/tall/fern_fronds/rho-1.00/seed-303", "--experiment", "S2c", "--group", "semantic", "--mode", "semantic", "--structure", "tall", "--clip", "fern fronds", "--blend-rho", "1.0", "--seed", "303", "--physics-beta-max", "8"]
