run_id,experiment,structure,prompt,compliance,compliance_ratio,gray_fraction,thresholded_compliance,connected_components
B/tall/unguided,B,tall,,58.9089469909668,1.0,0.046417236328125,1971699.8623472347,1.0
B/short/unguided,B,short,,15.7130126953125,1.0,0.05508888888888889,1434710.7315348883,1.0
B/bridge/unguided,B,bridge,,242.26315307617188,1.0,0.03695436507936508,5851590.765590133,3.0
S3/tall/fern_fronds,S3,tall,fern fronds,65.35391998291016,0.9013835284306022,0.130126953125,8193121.288056205,15.0
S3/tall/butterfly_wing_venation,S3,tall,butterfly wing venation,63.095829010009766,0.9336424913542424,0.10858154296875,3865923.810326531,13.0
S3/tall/skeletons,S3,tall,skeletons,60.144493103027344,0.9794570367407692,0.1153564453125,5915529.646730009,5.0
S3/tall/human_skull,S3,tall,human skull,64.73008728027344,0.9100705632590637,0.102630615234375,7334667.771954008,3.0
S3/short/fern_fronds,S3,short,fern fronds,18.540210723876953,0.8475099301366917,0.1846,2194859.04079311,20.0
S3/short/butterfly_wing_venation,S3,short,butterfly wing venation,18.21017074584961,0.862870146283156,0.1398222222222222,1598286.2353695985,22.0
S3/short/skeletons,S3,short,skeletons,18.70676040649414,0.8399643954309509,0.1436888888888889,2764235.852133846,19.0
S3/bridge/skeletons,S3,bridge,skeletons,253.52537536621094,0.955577534304915,0.058097718253968256,7995844.025383737,12.0
S3/bridge/butterfly_wing_venation,S3,bridge,butterfly wing venation,255.8770294189453,0.946795238424925,0.06696428571428571,5680084.51650625,18.0
S3/bridge/fern_fronds,S3,bridge,fern fronds,263.2157287597656,0.9203977065416293,0.07942708333333333,7545096.596047092,10.0
S1/tall/butterfly_wing_venation/m,S1,tall,butterfly wing venation,57.80918502807617,1.0190240004656095,0.079986572265625,3364707.2727292455,20.0
S1/tall/butterfly_wing_venation/g,S1,tall,butterfly wing venation,63.58964538574219,0.92639212931002,0.106689453125,8363388.097563205,22.0
S1/tall/butterfly_wing_venation/e,S1,tall,butterfly wing venation,58.82698440551758,1.0013932821183595,0.075042724609375,2339517.229333202,9.0
S1/tall/butterfly_wing_venation/gme,S1,tall,butterfly wing venation,59.501651763916016,0.9900388517733779,0.09112548828125,4094945.496307317,17.0
S1/tall/fern_fronds/g,S1,tall,fern fronds,71.28849029541016,0.826345834325511,0.110076904296875,6002486.2545292545,12.0
S1/tall/fern_fronds/m,S1,tall,fern fronds,63.772403717041016,0.923737283799848,0.112823486328125,5227950.194059597,29.0
S1/tall/fern_fronds/e,S1,tall,fern fronds,59.77869415283203,0.9854505493271296,0.0784912109375,1442343.846854743,17.0
S1/tall/fern_fronds/gme,S1,tall,fern fronds,66.53651428222656,0.8853626858343364,0.14105224609375,8608985.489612771,19.0
S1/tall/skeletons/g,S1,tall,skeletons,59.53327941894531,0.9895128836497484,0.08599853515625,4491892.189941305,17.0
S1/tall/skeletons/m,S1,tall,skeletons,58.64641189575195,1.004476575577744,0.074981689453125,4597668.023188569,7.0
S1/tall/skeletons/gme,S1,tall,skeletons,58.648948669433594,1.0044331284265409,0.103240966796875,6500619.778502013,16.0
S1/tall/skeletons/e,S1,tall,skeletons,59.70701599121094,0.9866335808783072,0.0765380859375,1368337.9378222746,10.0
F3/tall/sketch-1,F3,tall,,82.7070541381836,0.7122602491988665,0.037506103515625,124309.16287780041,3.0
F3/tall/sketch-col3,F3,tall,,63.2852783203125,0.9308475613049324,0.008270263671875,62.53336774412432,1.0
F3/tall/sketch-col2,F3,tall,,90.78523254394531,0.6488824816574816,0.0091552734375,89.5097080294673,1.0
F3/tall/sketch-12,F3,tall,,101.02660369873047,0.5831033097642088,0.035552978515625,42963.62471103849,2.0
F3/tall/sketch-6,F3,tall,,103.73522186279297,0.5678779678987301,0.044586181640625,2207239.3180359467,1.0
F3/tall/sketch-3,F3,tall,,97.1191635131836,0.6065635746849293,0.03790283203125,1871793.117579005,4.0
F3/tall/sketch-9,F3,tall,,83.92227935791016,0.7019464609598248,0.024169921875,82.62784088255304,1.0
F3/tall/sketch-11,F3,tall,,93.00575256347656,0.6333903588464741,0.045196533203125,1332429.0437749524,2.0
F3/tall/sketch-col6_grid,F3,tall,,62.60080337524414,0.9410254152467106,0.019683837890625,60.888727943868886,1.0
F3/tall/sketch-col3_braced,F3,tall,,103.31363677978516,0.5701952697351296,0.012786865234375,100.9230466356993,1.0
H1/tall/fern_fronds/hybrid,H1,tall,fern fronds,96.59534454345703,0.6098528585346512,0.0750732421875,3724239.6106720977,
H1/tall/fern_fronds/dream_only,H1,tall,fern fronds,,,,,
H1/tall/butterfly_wing_venation/hybrid,H1,tall,butterfly wing venation,80.4171142578125,0.732542413821369,0.05877685546875,2274579.9918675674,
H1/tall/butterfly_wing_venation/dream_only,H1,tall,butterfly wing venation,,,,,
H1/tall/skeletons/dream_only,H1,tall,skeletons,,,,,
H1/tall/skeletons/hybrid,H1,tall,skeletons,78.98131561279297,0.7458592773988313,0.095489501953125,4202232.004492236,
GATE/bridge3/unguided,GATE,bridge3,,643.375244140625,,0.22175719246031747,32859285.155934297,15.0
GATE/bridge3/unguided/beta8,GATE,bridge3,,545.065185546875,,0.11098710317460317,26098593.86398866,56.0
GATE/bridge3/unguided/beta8/deck-init,GATE,bridge3,,543.7002563476562,,0.10088045634920635,25455037.789985377,43.0
GATE/bridge3/fern_fronds,GATE,bridge3,fern fronds,698.3969116210938,,0.2672681051587302,33753231.5141571,20.0
GATE/bridge3/fern_fronds/beta8,GATE,bridge3,fern fronds,597.7421264648438,,0.13510664682539683,25413141.944675267,46.0
GATE/bridge3/butterfly_wing_venation/beta8,GATE,bridge3,butterfly wing venation,580.6765747070312,,0.12186879960317461,25020033.824246153,53.0
GATE/bridge3/skeletons/beta8,GATE,bridge3,skeletons,576.5206298828125,,0.12779017857142858,26405679.36893651,60.0
GATE/projection/tall/unguided/beta8,GATE,tall,,58.9089469909668,1.0,0.046417236328125,1971699.8623472347,1.0
GATE/projection/tall/unguided/beta0,GATE,tall,,70.26714324951172,0.8383569370649795,0.19232177734375,16610510.533183834,1.0
GATE/projection/tall/fern_fronds/hybrid/beta8,GATE,tall,fern fronds,96.59534454345703,0.6098528585346512,0.0750732421875,,
GATE/projection/tall/fern_fronds/hybrid/beta0,GATE,tall,fern fronds,100.66194152832031,0.5852156842652723,0.26312255859375,,
F1/tall/sketch-12/weight,F1,tall,,102.80014038085938,0.5730434488972275,0.037750244140625,449477.67408786697,2.0
F1/tall/sketch-12/both,F1,tall,,101.02660369873047,0.5831033097642088,0.035552978515625,42963.62471103849,2.0
F1/tall/sketch-12/init,F1,tall,,60.62442398071289,0.9717032034763439,0.047271728515625,3817454.212847841,1.0
F1/tall/sketch-3/init,F1,tall,,55.781227111816406,1.0560711917090084,0.04437255859375,3151101.945140615,1.0
F1/tall/sketch-3/weight,F1,tall,,95.99262237548828,0.6136820261096356,0.03887939453125,878896.7483944959,3.0
F1/tall/sketch-3/both,F1,tall,,97.1191635131836,0.6065635746849293,0.03790283203125,1871793.117579005,4.0
F2/tall/sketch-12/wend-200,F2,tall,,90.76445007324219,0.6490310572413577,0.032012939453125,1150328.673167603,5.0
F2/tall/sketch-12/wend-400,F2,tall,,101.02660369873047,0.5831033097642088,0.035552978515625,42963.62471103849,2.0
F2/tall/sketch-12/wend-2000,F2,tall,,120.20864868164062,0.49005581243143875,0.034149169921875,116.31015529734745,2.0
F2/tall/sketch-12/wend-1200,F2,tall,,113.4716796875,0.5191510970243987,0.0338134765625,109.75890135622934,2.0
F2/tall/sketch-12/wend-800,F2,tall,,109.8250503540039,0.536388982304884,0.036956787109375,106.37062373773396,2.0
S2/tall/fern_fronds/rho-0.00,S2,tall,fern fronds,54.768131256103516,1.0756062995010773,0.05401611328125,1458862.107862245,1.0
S2/tall/fern_fronds/rho-0.25,S2,tall,fern fronds,57.564056396484375,1.0233633742768093,0.0633544921875,1155402.3388777436,1.0
S2/tall/fern_fronds/rho-0.75,S2,tall,fern fronds,63.38446044921875,0.9293909985738923,0.11492919921875,3556890.051332429,7.0
S2/tall/fern_fronds/rho-0.50,S2,tall,fern fronds,59.74330520629883,0.9860342809549804,0.083099365234375,1859020.0184233603,2.0
S2/tall/fern_fronds/rho-1.00,S2,tall,fern fronds,65.3422622680664,0.9015443442911886,0.1300048828125,8310423.278597584,15.0
S2/tall/butterfly_wing_venation/rho-0.00,S2,tall,butterfly wing venation,59.774139404296875,0.9855256399849082,0.050872802734375,3565253.0281667258,1.0
S2/tall/butterfly_wing_venation/rho-0.25,S2,tall,butterfly wing venation,57.07263946533203,1.0321749185395606,0.055999755859375,3090313.8139998647,1.0
S2/tall/butterfly_wing_venation/rho-0.50,S2,tall,butterfly wing venation,58.369049072265625,1.0092497295618563,0.06646728515625,2269533.1031105286,1.0
S2/tall/butterfly_wing_venation/rho-0.75,S2,tall,butterfly wing venation,60.78160858154297,0.9691903252599203,0.089019775390625,3223106.813748113,7.0
S2/tall/butterfly_wing_venation/rho-1.00,S2,tall,butterfly wing venation,63.095924377441406,0.9336410801840701,0.108612060546875,3865923.812269238,13.0
S2/tall/skeletons/rho-0.00,S2,tall,skeletons,58.349365234375,1.0095901944150394,0.051971435546875,2010497.9580257586,1.0
S2/tall/skeletons/rho-0.25,S2,tall,skeletons,54.720970153808594,1.076533307530673,0.062042236328125,1663073.742490797,1.0
S2/tall/skeletons/rho-0.50,S2,tall,skeletons,55.34775161743164,1.064342186800115,0.0670166015625,2771696.312684681,1.0
S2/tall/skeletons/rho-0.75,S2,tall,skeletons,56.52185821533203,1.0422330201271983,0.078765869140625,3662700.837794763,4.0
S2/tall/skeletons/rho-1.00,S2,tall,skeletons,60.144493103027344,0.9794570367407692,0.1153564453125,5915529.646730009,5.0
H2/short/fern_fronds/hybrid,H2,short,fern fronds,27.836891174316406,0.5644672243361014,0.16944444444444445,4125704.3521649963,
H2/short/butterfly_wing_venation/hybrid,H2,short,butterfly wing venation,28.990367889404297,0.5420080474748117,0.13753333333333334,2972408.67959717,
H2/short/skeletons/hybrid,H2,short,skeletons,35.170555114746094,0.4467661270641829,0.12133333333333333,2669045.2731157737,
H2/bridge/skeletons/hybrid,H2,bridge,skeletons,275.0937805175781,0.8806565987074054,0.06513516865079365,5723815.621540122,
H2/bridge/butterfly_wing_venation/hybrid,H2,bridge,butterfly wing venation,259.1092224121094,0.9349846787423719,0.046223958333333336,889662.1655943721,
H2/bridge/fern_fronds/hybrid,H2,bridge,fern fronds,275.08892822265625,0.8806721326133661,0.07815600198412699,3336661.2455446087,
H3/tall/sketch-12/fern_fronds,H3,tall,fern fronds,106.10133361816406,0.5552140108150522,0.071044921875,3211672.8455039617,6.0
H3/tall/sketch-12/butterfly_wing_venation,H3,tall,butterfly wing venation,101.90923309326172,0.5780530890371491,0.050323486328125,1035617.2594945778,4.0
H3/tall/sketch-12/skeletons,H3,tall,skeletons,99.2240982055664,0.5936959675755666,0.074615478515625,6668188.847396554,5.0
H3/tall/sketch-col3_braced/fern_fronds,H3,tall,fern fronds,104.17386627197266,0.5654868068078596,0.058135986328125,176715.52836594376,32.0
H3/tall/sketch-col3_braced/skeletons,H3,tall,skeletons,98.23889923095703,0.5996499090698628,0.056549072265625,827472.5388185309,14.0
H3/tall/sketch-col3_braced/butterfly_wing_venation,H3,tall,butterfly wing venation,108.823486328125,0.5413256731487568,0.06524658203125,3839613.3488014187,21.0
H3/tall/sketch-col6_grid/fern_fronds,H3,tall,fern fronds,66.47447967529297,0.8861889145837405,0.0595703125,2485711.85213291,3.0
H3/tall/sketch-col6_grid/butterfly_wing_venation,H3,tall,butterfly wing venation,64.28218841552734,0.9164116599480512,0.05255126953125,782763.0983541239,3.0
H3/tall/sketch-col6_grid/skeletons,H3,tall,skeletons,66.32576751708984,0.888175880901612,0.057586669921875,6731156.837137958,4.0
H4/tall/fern_fronds/coadapt-off,H4,tall,fern fronds,101.1644058227539,0.5823090296618635,0.07733154296875,3964762.574013353,
H4/tall/butterfly_wing_venation/coadapt-off,H4,tall,butterfly wing venation,84.56071472167969,0.6966467488461721,0.0784912109375,7421943.889617629,
H4/tall/skeletons/coadapt-off,H4,tall,skeletons,85.97064971923828,0.6852216097394959,0.077667236328125,1987995.9736721027,
H5/tall/fern_fronds/hybrid,H5,tall,fern fronds,97.625732421875,0.6034161847452328,0.073150634765625,2750493.1951640286,
H5/tall/skeletons/hybrid,H5,tall,skeletons,88.70922088623047,0.6640679108941504,0.065521240234375,2213339.1733141053,
H5/tall/butterfly_wing_venation/hybrid,H5,tall,butterfly wing venation,81.58784484863281,0.7220309238497301,0.06304931640625,521880.5911174569,
H5/short/fern_fronds/hybrid,H5,short,fern fronds,27.435649871826172,0.5727224530390397,0.1471111111111111,2451418.552901165,
H5/short/butterfly_wing_venation/hybrid,H5,short,butterfly wing venation,33.432464599609375,0.46999265185780204,0.09264444444444445,3021651.456922156,
H5/short/skeletons/hybrid,H5,short,skeletons,35.95328903198242,0.4370396455616318,0.12593333333333334,1688389.2761846073,
H5/bridge/fern_fronds/hybrid,H5,bridge,fern fronds,279.2394104003906,0.8675822396587934,0.0687624007936508,3315648.1371031343,
H5/bridge/butterfly_wing_venation/hybrid,H5,bridge,butterfly wing venation,265.5850830078125,0.9121865969748211,0.04560391865079365,233168.17781223165,
H5/bridge/skeletons/hybrid,H5,bridge,skeletons,281.42608642578125,0.8608411400414454,0.06163194444444445,5797056.876234335,
F2b/tall/sketch-12/wstart-200/wend-0,F2b,tall,,62.79376983642578,0.9381336260654722,0.044525146484375,3639998.064258285,1.0
F2b/tall/sketch-12/wstart-200/wend-10,F2b,tall,,62.96856689453125,0.9355294219993273,0.044952392578125,3062606.5390735287,1.0
F2b/tall/sketch-12/wstart-200/wend-200,F2b,tall,,76.7720947265625,0.7673223871353454,0.04608154296875,624140.4078192239,5.0
F2b/tall/sketch-12/wstart-200/wend-100,F2b,tall,,67.08326721191406,0.8781466592089973,0.0435791015625,579080.9732571414,1.0
F2b/tall/sketch-12/wstart-200/wend-40,F2b,tall,,63.70087432861328,0.924774543706788,0.043975830078125,860742.0643600043,1.0
F2b/tall/sketch-col3_braced/wend-0,F2b,tall,,65.56381225585938,0.8984978902855387,0.02978515625,3103379.9236417357,2.0
F2b/tall/sketch-col3_braced/wend-50,F2b,tall,,69.11888122558594,0.8522844401763885,0.025390625,1007885.7761673706,1.0
F2b/tall/sketch-col3_braced/wend-100,F2b,tall,,74.76753234863281,0.7878947604727788,0.0213623046875,30930.290851826117,1.0
F2b/tall/sketch-col3_braced/wend-200,F2b,tall,,85.12828826904297,0.6920020147097111,0.01263427734375,83.68259187948274,1.0
F2b/tall/sketch-col3_braced/wstart-1000,F2b,tall,,97.09600067138672,0.606708274116657,0.015594482421875,94.64070205629446,1.0
F2b/tall/sketch-col3_braced/wstart-2000,F2b,tall,,100.11697387695312,0.5884011942207494,0.0137939453125,97.85858738665073,1.0
F2b/tall/sketch-col6_grid/wend-0,F2b,tall,,49.807743072509766,1.1827266878004803,0.023284912109375,305626.3136034638,1.0
F2b/tall/sketch-col6_grid/wend-50,F2b,tall,,51.72311019897461,1.1389289384251808,0.01739501953125,81267.18257643776,1.0
F2b/tall/sketch-col6_grid/wend-200,F2b,tall,,59.334896087646484,0.9928212717175657,0.009521484375,57.9062563119614,3.0
F2b/tall/sketch-col6_grid/wend-100,F2b,tall,,53.68539047241211,1.097299404411317,0.015625,52.52067333953589,4.0
D/tall/lhs-00,D,tall,,71.01680755615234,0.829507112726632,0.066986083984375,6293576.376821919,1.0
D/tall/lhs-01,D,tall,,76.57640838623047,0.7692832326876207,0.1009521484375,12533818.757268915,1.0
D/tall/lhs-02,D,tall,,71.94783782958984,0.8187729995513421,0.07623291015625,5301222.267479729,1.0
D/tall/lhs-04,D,tall,,71.99723815917969,0.8182112050010056,0.09234619140625,7189304.828340979,1.0
D/tall/lhs-03,D,tall,,81.13412475585938,0.7260686815594506,0.157958984375,19474130.258945093,1.0
D/tall/lhs-05,D,tall,,86.54689025878906,0.6806593144458409,0.2005615234375,22521716.541585714,1.0
D/tall/lhs-06,D,tall,,74.68091583251953,0.7888085775899807,0.0587158203125,5312967.849186146,1.0
D/tall/lhs-07,D,tall,,88.03107452392578,0.6691835503490993,0.2138671875,21400177.831618953,1.0
D/tall/lhs-08,D,tall,,78.97736358642578,0.7458966001885097,0.1314697265625,13503805.499017974,1.0
D/tall/lhs-09,D,tall,,73.45647430419922,0.8019571800711813,0.1151123046875,8793599.787478637,1.0
D/tall/lhs-10,D,tall,,85.76661682128906,0.6868517049438327,0.1990966796875,17947885.345989276,1.0
D/tall/lhs-11,D,tall,,74.8343505859375,0.7871912635002765,0.078369140625,9880285.281098256,1.0
D/tall/lhs-12,D,tall,,72.20409393310547,0.815867131378227,0.109466552734375,8529309.8422218,1.0
D/tall/lhs-13,D,tall,,74.45449829101562,0.791207359436002,0.0487060546875,1919143.1558152544,1.0
D/tall/lhs-14,D,tall,,64.5385513305664,0.9127714486375007,0.051361083984375,4576799.929708745,1.0
D/tall/lhs-17,D,tall,,83.355224609375,0.706721711410772,0.18359375,21034580.99281086,1.0
D/tall/lhs-16,D,tall,,70.10073852539062,0.8403470238709377,0.060028076171875,4732376.945268312,1.0
D/tall/lhs-15,D,tall,,72.41126251220703,0.8135329359992305,0.07049560546875,5791716.927459557,1.0
D/tall/lhs-18,D,tall,,81.85893249511719,0.7196398144390738,0.1632080078125,18921855.333976384,1.0
D/tall/lhs-19,D,tall,,73.06703186035156,0.8062315587631338,0.097503662109375,7615045.964112663,1.0
D/tall/lhs-21,D,tall,,71.25707244873047,0.8267101772017345,0.0826416015625,6577738.705569539,1.0
D/tall/lhs-22,D,tall,,62.46183776855469,0.9431190162743414,0.042022705078125,1761467.623712594,1.0
D/tall/lhs-20,D,tall,,73.8829574584961,0.7973279497380573,0.0880126953125,8597590.164786728,1.0
D/tall/lhs-23,D,tall,,65.92999267578125,0.8935075615836741,0.042633056640625,2757030.280509062,1.0
C1/tall/structure,C1,tall,structure,60.302284240722656,0.9768941215527798,0.105621337890625,5806744.4278322365,6.0
C1/tall/qzv_xlrp_mnek,C1,tall,qzv xlrp mnek,59.52836608886719,0.9895945556950835,0.102447509765625,4072742.308043766,14.0
C1/bridge/qzv_xlrp_mnek,C1,bridge,qzv xlrp mnek,252.27281188964844,0.9603220864805079,0.05992683531746032,7266967.5692063775,16.0
C1/bridge/structure,C1,bridge,structure,259.0121765136719,0.9353349959722226,0.07198660714285714,6394321.0560460435,19.0
C1/short/qzv_xlrp_mnek,C1,short,qzv xlrp mnek,18.010406494140625,0.8724407580930756,0.13775555555555555,2224831.91067564,15.0
C1/short/structure,C1,short,structure,18.176504135131836,0.8644683586291018,0.1446,2052590.5697771383,26.0
S4/tall/field_of_ferns/hybrid,S4,tall,field of ferns,90.92945098876953,0.647853323102572,0.083953857421875,1397191.9031517564,
S4/tall/field_of_ferns/semantic,S4,tall,field of ferns,62.44428253173828,0.9433841594869059,0.1102294921875,8308315.465360221,24.0
S4/tall/unfurling_fern_fronds/semantic,S4,tall,unfurling fern fronds,63.04991912841797,0.9343223243630657,0.11676025390625,7244213.180222648,12.0
S4/tall/unfurling_fern_fronds/hybrid,S4,tall,unfurling fern fronds,93.04000091552734,0.6331572056243988,0.088897705078125,3618467.4995098226,
S4/tall/fern_frond/semantic,S4,tall,fern frond,65.86421203613281,0.8943999354102895,0.114501953125,6555415.607475154,7.0
S4/tall/fern_frond/hybrid,S4,tall,fern frond,96.45487213134766,0.6107410200155301,0.07305908203125,5593343.170461923,
S4/tall/many_fern_fronds/hybrid,S4,tall,many fern fronds,84.96141815185547,0.693361154655824,0.097869873046875,4067660.937073304,
S4/tall/many_fern_fronds/semantic,S4,tall,many fern fronds,68.8674545288086,0.8553960269625479,0.11810302734375,4720646.741702148,19.0
C2/tall/fern_fronds,C2,tall,fern fronds,76.25830841064453,0.7724921810977908,0.19561767578125,14121264.741024442,35.0
C2/tall/skeletons,C2,tall,skeletons,67.48426055908203,0.87292868741434,0.109832763671875,9985982.312582333,1.0
C2/tall/butterfly_wing_venation,C2,tall,butterfly wing venation,71.30766296386719,0.8261236526685354,0.12554931640625,14830651.444981486,24.0
C2/short/fern_fronds,C2,short,fern fronds,30.500396728515625,0.5151740429862013,0.2776888888888889,10588520.67531335,68.0
C2/short/skeletons,C2,short,skeletons,30.673513412475586,0.512266478378759,0.27397777777777776,10786359.552382618,61.0
C2/short/butterfly_wing_venation,C2,short,butterfly wing venation,28.528244018554688,0.5507879379148889,0.27495555555555556,14982200.874340767,88.0
C2/bridge/fern_fronds,C2,bridge,fern fronds,258.8265686035156,0.9360057369044038,0.056671626984126984,5577892.437706299,8.0
C2/bridge/butterfly_wing_venation,C2,bridge,butterfly wing venation,254.6326904296875,0.9514220372386504,0.055679563492063495,6713252.918689459,12.0
C2/bridge/skeletons,C2,bridge,skeletons,252.40443420410156,0.9598213036157315,0.048394097222222224,5493028.788273752,11.0
S2b/short/fern_fronds/rho-0.00,S2b,short,fern fronds,15.452520370483398,1.0168575946566414,0.06811111111111111,1104677.4889513066,1.0
S2b/short/fern_fronds/rho-0.25,S2b,short,fern fronds,15.945810317993164,0.9854007028781738,0.08504444444444445,1075010.1260816548,1.0
S2b/short/fern_fronds/rho-0.50,S2b,short,fern fronds,16.443784713745117,0.955559378138673,0.09411111111111112,1116489.7837607213,4.0
S2b/short/fern_fronds/rho-0.75,S2b,short,fern fronds,17.551013946533203,0.8952766343403334,0.12444444444444444,2313400.077269076,11.0
S2b/short/fern_fronds/rho-1.00,S2b,short,fern fronds,18.688743591308594,0.8407741600468001,0.18688888888888888,2349490.627456884,25.0
S2b/short/butterfly_wing_venation/rho-0.00,S2b,short,butterfly wing venation,15.540724754333496,1.0110862230496014,0.06971111111111111,1069946.8188138898,3.0
S2b/short/butterfly_wing_venation/rho-0.50,S2b,short,butterfly wing venation,16.330732345581055,0.9621744060709131,0.07368888888888889,1333961.0371741035,8.0
S2b/short/butterfly_wing_venation/rho-0.25,S2b,short,butterfly wing venation,15.787635803222656,0.99527331965088,0.07691111111111111,1570892.4881532069,1.0
S2b/short/butterfly_wing_venation/rho-0.75,S2b,short,butterfly wing venation,17.172298431396484,0.9150209424839751,0.11584444444444444,2089064.1229369857,25.0
S2b/short/butterfly_wing_venation/rho-1.00,S2b,short,butterfly wing venation,18.33056640625,0.8572027916145015,0.14137777777777777,1922050.553557626,16.0
S2b/short/skeletons/rho-0.00,S2b,short,skeletons,15.8638916015625,0.9904891617996722,0.08375555555555556,2007288.7805772559,2.0
S2b/short/skeletons/rho-0.25,S2b,short,skeletons,16.32715606689453,0.9623851594811855,0.07742222222222223,949455.4911248767,2.0
S2b/short/skeletons/rho-0.50,S2b,short,skeletons,16.87236976623535,0.9312866487052143,0.0936,872811.0623019249,7.0
S2b/short/skeletons/rho-0.75,S2b,short,skeletons,17.688648223876953,0.8883105422438302,0.11728888888888889,1948790.4537692002,12.0
S2b/short/skeletons/rho-1.00,S2b,short,skeletons,18.70676040649414,0.8399643954309509,0.1436888888888889,2764235.852133846,19.0
S2b/bridge/fern_fronds/rho-0.00,S2b,bridge,fern fronds,250.7323760986328,0.9662220605322652,0.054253472222222224,5550383.827682898,7.0
S2b/bridge/fern_fronds/rho-0.25,S2b,bridge,fern fronds,247.73861694335938,0.9778982221877853,0.05093625992063492,5774331.433863563,3.0
S2b/bridge/fern_fronds/rho-0.50,S2b,bridge,fern fronds,250.34329223632812,0.9677237640842061,0.05602058531746032,5296645.774674209,7.0
S2b/bridge/fern_fronds/rho-0.75,S2b,bridge,fern fronds,253.75741577148438,0.9547037367937913,0.05986483134920635,5993892.07388484,6.0
S2b/bridge/fern_fronds/rho-1.00,S2b,bridge,fern fronds,263.440185546875,0.9196135076099277,0.07880704365079365,7790323.400048405,19.0
S2b/bridge/butterfly_wing_venation/rho-0.00,S2b,bridge,butterfly wing venation,245.87722778320312,0.9853013036643724,0.043154761904761904,4960693.348643495,4.0
S2b/bridge/butterfly_wing_venation/rho-0.25,S2b,bridge,butterfly wing venation,243.99559020996094,0.9928997194896093,0.03921750992063492,6634729.5222236905,3.0
S2b/bridge/butterfly_wing_venation/rho-0.50,S2b,bridge,butterfly wing venation,245.16127014160156,0.9881787320494964,0.04185267857142857,6541851.5806659665,8.0
S2b/bridge/butterfly_wing_venation/rho-0.75,S2b,bridge,butterfly wing venation,250.93128967285156,0.9654561349922496,0.05679563492063492,6318880.0816620495,10.0
S2b/bridge/butterfly_wing_venation/rho-1.00,S2b,bridge,butterfly wing venation,253.52308654785156,0.9555861613038763,0.062065972222222224,5784782.947557734,13.0
S2b/bridge/skeletons/rho-0.00,S2b,bridge,skeletons,244.8414764404297,0.9894694175115174,0.038876488095238096,5253448.508068671,3.0
S2b/bridge/skeletons/rho-0.25,S2b,bridge,skeletons,245.12667846679688,0.9883181814050775,0.038566468253968256,5658937.180321232,7.0
S2b/bridge/skeletons/rho-1.00,S2b,bridge,skeletons,257.1220397949219,0.9422107621322493,0.0646701388888889,8367608.341034433,11.0
S2b/bridge/skeletons/rho-0.75,S2b,bridge,skeletons,253.2911834716797,0.9564610570160613,0.055648561507936505,6915494.236758655,9.0
S2b/bridge/skeletons/rho-0.50,S2b,bridge,skeletons,246.39796447753906,0.983218970943471,0.040581597222222224,5971517.850150287,10.0
A/tall/fern_fronds/density-only,A,tall,fern fronds,56.39848709106445,1.0445128943946458,0.076904296875,6644304.980189383,5.0
A/tall/butterfly_wing_venation/density-only,A,tall,butterfly wing venation,62.537113189697266,0.9419837914851465,0.090301513671875,5838392.762943193,8.0
A/tall/skeletons/density-only,A,tall,skeletons,56.72477722167969,1.0385046865984402,0.064697265625,8313441.880190111,2.0
P/tall/tree_branches,P,tall,tree branches,60.14927673339844,0.9793791412001644,0.117584228515625,6735136.770308154,17.0
P/tall/spider_web,P,tall,spider web,63.30825424194336,0.930509736784656,0.097320556640625,6291158.488643836,11.0
P/tall/bone_trabeculae,P,tall,bone trabeculae,62.25224304199219,0.9462943680797145,0.107421875,6800223.019080291,4.0
P/tall/gothic_tracery,P,tall,gothic tracery,60.451927185058594,0.9744759139048066,0.094635009765625,4319912.99958666,4.0
P/tall/honeycomb,P,tall,honeycomb,83.09931945800781,0.7088980677000005,0.192901611328125,13504798.972630985,15.0
P/tall/clouds,P,tall,clouds,59.09468078613281,0.9968570133099086,0.104400634765625,6415209.646433892,9.0
P/tall/smoke,P,tall,smoke,62.20057678222656,0.9470803976177866,0.122314453125,9998775.619085817,9.0
P/tall/fur,P,tall,fur,62.771949768066406,0.9384597293636271,0.100067138671875,5110752.03129966,12.0
P/tall/a_cat,P,tall,a cat,63.177303314208984,0.9324384533791551,0.0816650390625,5688806.852027573,22.0
N/tall/vbtq_orzk_plimw,N,tall,vbtq orzk plimw,63.52581024169922,0.9273230324309685,0.09454345703125,5294484.709402749,10.0
N/tall/xjeu_wkqa_dryv,N,tall,xjeu wkqa dryv,58.676246643066406,1.0039658356015158,0.105072021484375,7932413.055232913,8.0
N/tall/gmof_ztuy_hcnb,N,tall,gmof ztuy hcnb,61.21992492675781,0.9622512125169081,0.076995849609375,3281783.432619498,11.0
N/tall/kwyp_elrj_sqox,N,tall,kwyp elrj sqox,60.993629455566406,0.9658213081725479,0.11553955078125,6034782.863444794,11.0
N/tall/rnef_dsnorf,N,tall,rnef dsnorf,60.728145599365234,0.9700435672710965,0.101409912109375,6758780.38501605,12.0
N/tall/ytlurfebt_gniw_ntoeiavn,N,tall,ytlurfebt gniw ntoeiavn,63.89911651611328,0.9219055004635608,0.12310791015625,5704933.954792036,22.0
N/tall/ntseleosk,N,tall,ntseleosk,63.43607711791992,0.9286347716846087,0.10107421875,3540575.74892463,8.0
L/tall/bracken,L,tall,bracken,67.02722930908203,0.8788808309429071,0.117919921875,7607103.273285043,17.0
L/tall/lightning,L,tall,lightning,58.424625396728516,1.0082896824917496,0.098480224609375,6230176.31067508,19.0
L/tall/brick_wall,L,tall,brick wall,57.84646224975586,1.0183673244635703,0.07666015625,3643382.4760900205,12.0
V/tall/unguided/vf-0.20,V,tall,,116.08433532714844,0.5074668069981175,0.0550537109375,10506745.047827732,1.0
V/tall/unguided/vf-0.40,V,tall,,40.182640075683594,1.466029780024717,0.037109375,99670.17078155912,1.0
V/tall/unguided/vf-0.50,V,tall,,29.488866806030273,1.9976673698061642,0.033172607421875,29.188826551545414,1.0
V/tall/fern_fronds/vf-0.20,V,tall,fern fronds,111.58412170410156,0.5279330615441986,0.112396240234375,15575172.841409963,3.0
V/tall/fern_fronds/vf-0.40,V,tall,fern fronds,44.373756408691406,1.3275627703997674,0.115325927734375,2649367.1164196916,21.0
V/tall/fern_fronds/vf-0.50,V,tall,fern fronds,31.110811233520508,1.8935201190605742,0.085906982421875,389777.09681812365,3.0
V/tall/butterfly_wing_venation/vf-0.20,V,tall,butterfly wing venation,116.84248352050781,0.5041740402635938,0.10540771484375,18823559.318356838,20.0
V/tall/butterfly_wing_venation/vf-0.40,V,tall,butterfly wing venation,41.502933502197266,1.4193923662732904,0.11346435546875,1506392.2257008043,9.0
V/tall/butterfly_wing_venation/vf-0.50,V,tall,butterfly wing venation,30.41360855102539,1.9369272440044176,0.070037841796875,91227.83666209679,13.0
V/tall/skeletons/vf-0.20,V,tall,skeletons,109.70762634277344,0.5369630986902415,0.1016845703125,16671176.673958704,9.0
V/tall/skeletons/vf-0.40,V,tall,skeletons,41.131099700927734,1.4322239721112555,0.083984375,1498969.7190048585,3.0
V/tall/skeletons/vf-0.50,V,tall,skeletons,30.617101669311523,1.924053675205092,0.0697021484375,181152.86163086747,1.0
V/bridge/unguided/vf-0.20,V,bridge,,364.5731201171875,0.6645118350971663,0.04944816468253968,10273502.465114437,6.0
V/bridge/unguided/vf-0.40,V,bridge,,190.0725860595703,1.2745822956301789,0.035900297619047616,3850993.5872578523,3.0
V/bridge/unguided/vf-0.50,V,bridge,,161.958740234375,1.4958325356543656,0.030598958333333332,2376372.67921173,1.0
V/bridge/fern_fronds/vf-0.20,V,bridge,fern fronds,377.0718078613281,0.6424854577440765,0.04851810515873016,9407837.379505906,8.0
V/bridge/fern_fronds/vf-0.40,V,bridge,fern fronds,212.1401824951172,1.14199559096612,0.12549603174603174,4873901.912444824,36.0
V/bridge/fern_fronds/vf-0.50,V,bridge,fern fronds,170.66810607910156,1.4194986904224935,0.08919270833333333,2307692.914702053,20.0
V/bridge/butterfly_wing_venation/vf-0.20,V,bridge,butterfly wing venation,370.1777648925781,0.6544508505163031,0.050192212301587304,8680889.99153889,5.0
V/bridge/butterfly_wing_venation/vf-0.40,V,bridge,butterfly wing venation,195.67901611328125,1.2380640392014362,0.05685763888888889,3835079.631501961,6.0
V/bridge/butterfly_wing_venation/vf-0.50,V,bridge,butterfly wing venation,166.90708923339844,1.4514850998174051,0.0642361111111111,2317643.9371479806,3.0
V/bridge/skeletons/vf-0.20,V,bridge,skeletons,371.6045227050781,0.6519381177404094,0.049882192460317464,11812988.100320257,18.0
V/bridge/skeletons/vf-0.40,V,bridge,skeletons,198.22048950195312,1.2221902674384466,0.0593687996031746,5104204.271629967,11.0
V/bridge/skeletons/vf-0.50,V,bridge,skeletons,168.16293334960938,1.4406453803497157,0.06473214285714286,2793018.3489990206,7.0
M/tall/coral_reef,M,tall,coral reef,62.26551818847656,0.9460926160230533,0.10260009765625,5455679.111071316,21.0
M/tall/river_delta,M,tall,river delta,73.43191528320312,0.8022253915586167,0.125579833984375,5259234.048729878,21.0
M/tall/mangrove_roots,M,tall,mangrove roots,61.50126266479492,0.9578493910286489,0.105133056640625,4490162.737385312,8.0
M/tall/lichen,M,tall,lichen,71.37496948242188,0.8253446189630219,0.134002685546875,7329910.025067047,4.0
M/tall/seashell_spiral,M,tall,seashell spiral,66.15299987792969,0.8904954741231669,0.135498046875,9077987.542187138,15.0
M/tall/pine_cone,M,tall,pine cone,76.2596435546875,0.7724786564039192,0.130615234375,6655395.700796984,31.0
M/tall/dragonfly_wing,M,tall,dragonfly wing,61.57004928588867,0.9567792729454291,0.117218017578125,5218175.109149797,15.0
M/tall/ice_crystals,M,tall,ice crystals,62.8321647644043,0.9375603596000868,0.092987060546875,3310641.9312774274,9.0
M/tall/flying_buttresses,M,tall,flying buttresses,60.937774658203125,0.9667065678289711,0.091094970703125,3795490.982148622,9.0
M/tall/art_nouveau_ironwork,M,tall,art nouveau ironwork,60.03276062011719,0.9812799941641565,0.108367919921875,3685330.414222044,3.0
M/tall/bamboo_scaffolding,M,tall,bamboo scaffolding,67.59680938720703,0.8714752593354732,0.14825439453125,6181723.173467054,31.0
M/tall/chain_link_fence,M,tall,chain-link fence,71.59376525878906,0.8228223055182163,0.13494873046875,2868506.5230309935,9.0
M/tall/stained_glass_window,M,tall,stained glass window,63.78700637817383,0.9235258140461006,0.102020263671875,4611085.210735532,17.0
M/tall/woven_basket,M,tall,woven basket,66.76016998291016,0.8823965997397373,0.152191162109375,9000147.473470537,23.0
M/tall/suspension_bridge_cables,M,tall,suspension bridge cables,60.196102142333984,0.9786173006962526,0.08575439453125,3924801.0605331175,5.0
M/tall/lattice_tower,M,tall,lattice tower,62.201839447021484,0.9470611723812555,0.12939453125,6081295.053718217,7.0
M/tall/lace,M,tall,lace,73.8538818359375,0.797641850726681,0.13946533203125,5763674.858281102,15.0
M/tall/circuit_board,M,tall,circuit board,61.144344329833984,0.9634406523879188,0.121429443359375,9600863.781596329,29.0
M/tall/cracked_mud,M,tall,cracked mud,65.6905288696289,0.8967646935508616,0.10894775390625,5499048.9183436185,9.0
M/tall/marble_veins,M,tall,marble veins,64.24081420898438,0.9170018735959313,0.09515380859375,4239488.887408477,24.0
M/tall/sound_waves,M,tall,sound waves,62.29491424560547,0.9456461687821084,0.121246337890625,7724252.461636245,6.0
M/tall/spiral_galaxy,M,tall,spiral galaxy,64.71002197265625,0.9103527582769058,0.121185302734375,5103148.2538719755,22.0
M/tall/barbed_wire,M,tall,barbed wire,66.5652847290039,0.8849800197023557,0.151580810546875,4368133.678177452,10.0
M/tall/neurons,M,tall,neurons,63.32636260986328,0.9302436546669987,0.105743408203125,5981136.541639443,19.0
R/tall/unguided/seed-101,R,tall,,59.17870330810547,0.9954416656320734,0.044891357421875,2312223.47428823,1.0
R/tall/unguided/seed-202,R,tall,,58.0450325012207,1.014883521509406,0.044708251953125,2401343.889115026,1.0
R/tall/unguided/seed-303,R,tall,,58.11872100830078,1.0135967545217168,0.045501708984375,2561873.0011150697,1.0
R/tall/unguided/seed-404,R,tall,,58.755699157714844,1.0026082207419675,0.0455322265625,2665375.724715356,1.0
R/tall/fern_fronds/seed-101,R,tall,fern fronds,73.6490707397461,0.7998600172313578,0.167694091796875,8405279.767479097,10.0
R/tall/fern_fronds/seed-202,R,tall,fern fronds,60.439510345458984,0.9746761126001217,0.102813720703125,6460342.300822797,9.0
R/tall/fern_fronds/seed-303,R,tall,fern fronds,68.83377075195312,0.8558146146496745,0.114715576171875,5296394.596531823,11.0
R/tall/fern_fronds/seed-404,R,tall,fern fronds,68.6494140625,0.8581128884411853,0.1685791015625,11565224.490018878,10.0
R/tall/butterfly_wing_venation/seed-101,R,tall,butterfly wing venation,61.937530517578125,0.9511026109484328,0.082977294921875,5434862.123280115,18.0
R/tall/butterfly_wing_venation/seed-202,R,tall,butterfly wing venation,63.23004150390625,0.931660735780594,0.1031494140625,3188024.165292982,14.0
R/tall/butterfly_wing_venation/seed-303,R,tall,butterfly wing venation,58.99099349975586,0.9986091688930548,0.0889892578125,3698619.713099293,10.0
R/tall/butterfly_wing_venation/seed-404,R,tall,butterfly wing venation,68.3424072265625,0.8619676915341487,0.121734619140625,9565804.334525453,30.0
R/tall/skeletons/seed-101,R,tall,skeletons,63.06377029418945,0.9341171121891285,0.1173095703125,6035194.752878757,10.0
R/tall/skeletons/seed-202,R,tall,skeletons,58.60612487792969,1.005167072787492,0.09991455078125,6994349.821956277,10.0
R/tall/skeletons/seed-303,R,tall,skeletons,59.537506103515625,0.9894426361853992,0.094482421875,6294843.084220318,3.0
R/tall/skeletons/seed-404,R,tall,skeletons,58.40111541748047,1.0086955800391155,0.101318359375,9038154.585593034,2.0
R/short/unguided/seed-101,R,short,,15.648224830627441,1.0041402692884533,0.05468888888888889,1607681.4159502124,1.0
R/short/unguided/seed-202,R,short,,15.67674732208252,1.0023133225588765,0.055266666666666665,1516665.060935841,1.0
R/short/unguided/seed-303,R,short,,15.727795600891113,0.9990600777150375,0.055466666666666664,1496955.9193498886,1.0
R/short/unguided/seed-404,R,short,,15.660346031188965,1.0033630587739661,0.053,1349759.1271998729,1.0
R/short/fern_fronds/seed-101,R,short,fern fronds,18.978832244873047,0.8279230509325579,0.15475555555555556,2135931.873996806,40.0
R/short/fern_fronds/seed-202,R,short,fern fronds,19.130531311035156,0.8213578828439901,0.179,2421664.2369393962,37.0
R/short/fern_fronds/seed-303,R,short,fern fronds,18.808130264282227,0.8354372537047161,0.16075555555555557,2227423.958530326,18.0
R/short/fern_fronds/seed-404,R,short,fern fronds,18.930204391479492,0.8300498172320288,0.1912888888888889,2841273.7274215077,21.0
R/short/butterfly_wing_venation/seed-101,R,short,butterfly wing venation,17.529958724975586,0.8963519504997798,0.13015555555555555,3220522.915265188,22.0
R/short/butterfly_wing_venation/seed-202,R,short,butterfly wing venation,17.999277114868164,0.8729802088736601,0.15535555555555555,2447159.902034808,9.0
R/short/butterfly_wing_venation/seed-303,R,short,butterfly wing venation,18.120758056640625,0.8671277794338317,0.1356,1175801.385452022,18.0
R/short/butterfly_wing_venation/seed-404,R,short,butterfly wing venation,18.07225799560547,0.8694548682922381,0.14904444444444445,3644166.9743705723,10.0
R/short/skeletons/seed-101,R,short,skeletons,18.333555221557617,0.8570630467153617,0.16506666666666667,2149245.8470620606,17.0
R/short/skeletons/seed-202,R,short,skeletons,18.52641487121582,0.8481410356261396,0.15635555555555555,2390908.935653266,23.0
R/short/skeletons/seed-303,R,short,skeletons,18.356321334838867,0.8560000889443151,0.1360222222222222,2069831.2253869274,16.0
R/short/skeletons/seed-404,R,short,skeletons,18.139053344726562,0.8662531829358466,0.1439777777777778,1730415.9074523584,9.0
R/bridge/unguided/seed-101,R,bridge,,242.80001831054688,0.9977888583447785,0.038473462301587304,6070685.650272537,4.0
R/bridge/unguided/seed-202,R,bridge,,242.2272491455078,1.0001482241605382,0.036675347222222224,5940652.84429879,3.0
R/bridge/unguided/seed-303,R,bridge,,242.92794799804688,0.9972634070004973,0.03794642857142857,5895881.268870491,4.0
R/bridge/unguided/seed-404,R,bridge,,242.55892944335938,0.9987805999644447,0.038411458333333336,5840201.025428362,3.0
R/bridge/fern_fronds/seed-101,R,bridge,fern fronds,257.1742858886719,0.9420193478481947,0.06432911706349206,5276614.594408718,14.0
R/bridge/fern_fronds/seed-202,R,bridge,fern fronds,260.1534729003906,0.9312316701954284,0.07536582341269842,6740810.254272429,14.0
R/bridge/fern_fronds/seed-303,R,bridge,fern fronds,260.7904052734375,0.9289573089246137,0.07344370039682539,6907841.698441163,14.0
R/bridge/fern_fronds/seed-404,R,bridge,fern fronds,262.2591552734375,0.923754798277996,0.07688492063492064,4903209.843904814,10.0
R/bridge/butterfly_wing_venation/seed-101,R,bridge,butterfly wing venation,256.9554748535156,0.9428215266255,0.07335069444444445,7439924.2566212695,20.0
R/bridge/butterfly_wing_venation/seed-202,R,bridge,butterfly wing venation,251.55221557617188,0.9630730245061697,0.06116691468253968,6566131.508366114,14.0
R/bridge/butterfly_wing_venation/seed-303,R,bridge,butterfly wing venation,257.0738525390625,0.9423873750029085,0.06488715277777778,6576262.615276562,11.0
R/bridge/butterfly_wing_venation/seed-404,R,bridge,butterfly wing venation,255.33421325683594,0.9488080347167729,0.0775359623015873,6602394.629706208,13.0
R/bridge/skeletons/seed-101,R,bridge,skeletons,270.08380126953125,0.8969925331967775,0.09793526785714286,8346842.608563587,14.0
R/bridge/skeletons/seed-202,R,bridge,skeletons,267.0096740722656,0.9073197587987162,0.08677455357142858,8301647.120292023,16.0
R/bridge/skeletons/seed-303,R,bridge,skeletons,252.0215606689453,0.9612794732051039,0.055834573412698416,7141983.480740216,14.0
R/bridge/skeletons/seed-404,R,bridge,skeletons,258.92462158203125,0.9356512779508658,0.06789434523809523,7417272.332277639,11.0
X/tall/scrambled/rnef_dsnorf/seed-202,X,tall,rnef dsnorf,69.30732727050781,0.8499670858904147,0.15863037109375,13413153.093941744,23.0
X/tall/scrambled/rnef_dsnorf/seed-101,X,tall,rnef dsnorf,61.6461181640625,0.9555986450629201,0.087127685546875,3635687.973508826,16.0
X/tall/scrambled/rnef_dsnorf/seed-303,X,tall,rnef dsnorf,56.053131103515625,1.050948374002109,0.066741943359375,3556337.629494452,12.0
X/tall/scrambled/ntseleosk/seed-101,X,tall,ntseleosk,63.165687561035156,0.9326099226584814,0.097442626953125,3937851.6913173427,30.0
X/tall/scrambled/ntseleosk/seed-303,X,tall,ntseleosk,59.98598861694336,0.982045113353815,0.120208740234375,4739591.608764297,16.0
X/tall/scrambled/ntseleosk/seed-202,X,tall,ntseleosk,65.05259704589844,0.9055587273387882,0.102691650390625,4037626.7308270214,28.0
X/tall/paraphrase/bracken_leaves/seed-202,X,tall,bracken leaves,70.07160186767578,0.8406964507848885,0.109130859375,5336978.851830074,12.0
X/tall/paraphrase/bracken_leaves/seed-303,X,tall,bracken leaves,66.7530746459961,0.8824903916916463,0.115692138671875,5001617.7165850885,17.0
X/tall/paraphrase/bracken_leaves/seed-101,X,tall,bracken leaves,67.5554428100586,0.8720088943328725,0.135406494140625,9109419.853273606,27.0
X/tall/paraphrase/bones/seed-101,X,tall,bones,60.47310256958008,0.9741346894379436,0.100372314453125,5432154.27369419,9.0
X/tall/paraphrase/bones/seed-202,X,tall,bones,64.21179962158203,0.9174162278293644,0.117767333984375,6099759.480607615,3.0
X/tall/paraphrase/bones/seed-303,X,tall,bones,62.92886734008789,0.9361196137951101,0.097259521484375,6136624.781899311,12.0
G/tall/roman_aqueduct_arches,G,tall,roman aqueduct arches,56.868934631347656,1.0358721747267379,0.0780029296875,3010741.5167670688,1.0
G/tall/an_obelisk,G,tall,an obelisk,70.27300262451172,0.838287034719916,0.104217529296875,4409754.877499654,25.0
G/tall/chainmail,G,tall,chainmail,68.45026397705078,0.8606094932039577,0.15924072265625,13807581.201782297,29.0
G/tall/a_solid_stone_wall,G,tall,a solid stone wall,59.33141326904297,0.9928795514079453,0.092620849609375,2955793.062799642,16.0
G/tall/sedimentary_rock_layers,G,tall,sedimentary rock layers,63.174434661865234,0.932480793952031,0.119354248046875,5699052.73133094,24.0
G/tall/a_spiral_staircase,G,tall,a spiral staircase,61.06550216674805,0.9646845583961224,0.0919189453125,5791322.578836092,13.0
G/short/a_solid_stone_wall,G,short,a solid stone wall,18.272443771362305,0.8599294594595441,0.1597111111111111,2653113.983740908,22.0
G/short/sedimentary_rock_layers,G,short,sedimentary rock layers,19.629045486450195,0.8004980530591308,0.2222,3657775.054088874,29.0
G/short/roman_aqueduct_arches,G,short,roman aqueduct arches,17.421279907226562,0.901943644725813,0.12913333333333332,1465504.695691863,9.0
G/short/an_obelisk,G,short,an obelisk,18.320438385009766,0.8576766759123665,0.14897777777777776,2121338.1012476287,24.0
G/short/chainmail,G,short,chainmail,19.954313278198242,0.787449433926663,0.18124444444444446,3243251.8674492934,46.0
G/short/a_spiral_staircase,G,short,a spiral staircase,17.506858825683594,0.8975346663709074,0.13866666666666666,2421192.1304781986,17.0
G/bridge/sedimentary_rock_layers,G,bridge,sedimentary rock layers,254.62005615234375,0.9514692469128256,0.053075396825396824,8435693.391150374,17.0
G/bridge/chainmail,G,bridge,chainmail,265.11553955078125,0.9138021614525837,0.09343998015873016,5505260.0492274165,7.0
G/bridge/a_solid_stone_wall,G,bridge,a solid stone wall,252.15379333496094,0.9607753659860657,0.056826636904761904,4782820.488582596,11.0
G/bridge/roman_aqueduct_arches,G,bridge,roman aqueduct arches,250.38961791992188,0.9675447212577761,0.05843874007936508,5833747.745308276,8.0
G/bridge/an_obelisk,G,bridge,an obelisk,250.99461364746094,0.965212557973244,0.05611359126984127,7349159.828940159,15.0
G/bridge/a_spiral_staircase,G,bridge,a spiral staircase,251.5676727294922,0.9630138501009812,0.06315104166666667,7833489.375962817,7.0
S2c/tall/fern_fronds/rho-0.00/seed-202,S2c,tall,fern fronds,58.807491302490234,1.0017252170808426,0.048828125,1190043.8448210673,1.0
S2c/tall/fern_fronds/rho-0.00/seed-101,S2c,tall,fern fronds,58.29019546508789,1.0106150188885452,0.05877685546875,1582487.0623381734,1.0
S2c/tall/fern_fronds/rho-0.00/seed-303,S2c,tall,fern fronds,57.17853927612305,1.0302632375144698,0.0504150390625,1043218.0175056698,1.0
S2c/tall/fern_fronds/rho-1.00/seed-101,S2c,tall,fern fronds,73.6490707397461,0.7998600172313578,0.167694091796875,8405279.767479097,10.0
S2c/tall/fern_fronds/rho-1.00/seed-202,S2c,tall,fern fronds,60.439510345458984,0.9746761126001217,0.102813720703125,6460342.300822797,9.0
S2c/tall/fern_fronds/rho-1.00/seed-303,S2c,tall,fern fronds,68.83377075195312,0.8558146146496745,0.114715576171875,5296394.596531823,11.0
S2c/tall/fern_fronds/rho-0.50/seed-202,S2c,tall,fern fronds,56.300498962402344,1.0463308154747684,0.068023681640625,1821568.2951010056,2.0
S2c/tall/fern_fronds/rho-0.50/seed-101,S2c,tall,fern fronds,59.49409484863281,0.9901646060982225,0.081298828125,1384741.5102257435,6.0
S2c/tall/fern_fronds/rho-0.50/seed-303,S2c,tall,fern fronds,64.9804916381836,0.9065635778654365,0.089752197265625,1924466.1845900242,2.0
