design_prompt,sim:fern fronds,sim:butterfly wing venation,sim:skeletons,sim:human skull,own_highest
butterfly wing venation,0.19423894963481209,0.2280608147382736,0.19460962062532253,0.17689274766228416,55
fern fronds,0.21609415914585342,0.22078636399845578,0.1952485444385614,0.16883788268957564,27
skeletons,0.18704408488490365,0.19838199669664555,0.22127065468918194,0.18921079147945752,30
unguided,0.17629246569650117,0.2055147628104964,0.19765191247989966,0.1862483433512754,0
qzv xlrp mnek,0.1768667846918106,0.19855603079001108,0.19896546502908072,0.18637103835741678,0
structure,0.1829040398200353,0.20900642375151315,0.19537351032098135,0.16969112555185953,0
a solid stone wall,0.17575580378373465,0.20880779127279916,0.19082016746203104,0.1765284687280655,0
a spiral staircase,0.19925443828105927,0.2096785306930542,0.1975178321202596,0.17249572773774466,0
an obelisk,0.17571566998958588,0.20004447301228842,0.19063151876131693,0.17516358196735382,0
chainmail,0.1838445911804835,0.21760940551757812,0.19687005380789438,0.179024209578832,0
roman aqueduct arches,0.19291926423708597,0.20707981288433075,0.20153254767258963,0.17537271479765573,0
sedimentary rock layers,0.1822170466184616,0.21877644956111908,0.19266061981519064,0.17793898284435272,0
bracken,0.2422291338443756,0.23972056806087494,0.20289339125156403,0.17350533604621887,0
brick wall,0.18458698689937592,0.20907527208328247,0.1959557980298996,0.1733982414007187,0
lightning,0.18408137559890747,0.20978513360023499,0.18428991734981537,0.15282702445983887,0
art nouveau ironwork,0.2068227380514145,0.20318013429641724,0.19404132664203644,0.16131040453910828,0
bamboo scaffolding,0.19186903536319733,0.2047426998615265,0.21330437064170837,0.17527331411838531,0
barbed wire,0.17817485332489014,0.19885994493961334,0.20026908814907074,0.17340010404586792,0
chain-link fence,0.19240398705005646,0.21949172019958496,0.2027718871831894,0.1810952126979828,0
circuit board,0.19069437682628632,0.2098533809185028,0.2100290209054947,0.17012913525104523,0
coral reef,0.21436673402786255,0.2123171091079712,0.19150491058826447,0.16040055453777313,0
cracked mud,0.17654162645339966,0.19997859001159668,0.19750277698040009,0.18130624294281006,0
dragonfly wing,0.19806133210659027,0.2381908893585205,0.20324954390525818,0.16311880946159363,0
flying buttresses,0.18992175161838531,0.19353055953979492,0.1999739110469818,0.17032980918884277,0
ice crystals,0.20793400704860687,0.20420320332050323,0.19596987962722778,0.15908993780612946,0
lace,0.19977706670761108,0.1995570957660675,0.19639535248279572,0.16503790020942688,0
lattice tower,0.19020386040210724,0.21581029891967773,0.20505960285663605,0.17020434141159058,0
lichen,0.19924506545066833,0.22103255987167358,0.20352992415428162,0.18815746903419495,0
mangrove roots,0.21360842883586884,0.20760275423526764,0.1990383416414261,0.16577965021133423,0
marble veins,0.18087705969810486,0.20000922679901123,0.19450607895851135,0.16238507628440857,0
neurons,0.18319624662399292,0.2045326977968216,0.18913227319717407,0.17043408751487732,0
pine cone,0.2045910507440567,0.21570700407028198,0.18784531950950623,0.1757453978061676,0
river delta,0.16879667341709137,0.2111932784318924,0.1851257085800171,0.18549779057502747,0
seashell spiral,0.20819222927093506,0.20638984441757202,0.19979943335056305,0.16998565196990967,0
sound waves,0.19439035654067993,0.21116292476654053,0.19096335768699646,0.15930727124214172,0
spiral galaxy,0.1898786723613739,0.20838885009288788,0.18988236784934998,0.1641148328781128,0
stained glass window,0.18701405823230743,0.1961382031440735,0.20279347896575928,0.17506751418113708,0
suspension bridge cables,0.1824212372303009,0.20908360183238983,0.2095649540424347,0.17346002161502838,0
woven basket,0.19208291172981262,0.20631971955299377,0.20375539362430573,0.17920655012130737,0
gmof ztuy hcnb,0.18560561537742615,0.21236862242221832,0.21932242810726166,0.20231953263282776,0
kwyp elrj sqox,0.18414095044136047,0.21976131200790405,0.20505058765411377,0.17912200093269348,0
ntseleosk,0.17542525380849838,0.204204011708498,0.20207182317972183,0.1877305693924427,0
rnef dsnorf,0.19934794679284096,0.20529602095484734,0.20512213557958603,0.18313796818256378,0
vbtq orzk plimw,0.18110541999340057,0.2138185054063797,0.22024516761302948,0.19812990725040436,0
xjeu wkqa dryv,0.1694602221250534,0.1996438205242157,0.20170097053050995,0.18712873756885529,0
ytlurfebt gniw ntoeiavn,0.17459705471992493,0.19041720032691956,0.21098875999450684,0.19374923408031464,0
a cat,0.18708819150924683,0.20201551914215088,0.19608594477176666,0.17910730838775635,0
bone trabeculae,0.2022019773721695,0.2174302041530609,0.20409084856510162,0.17635974287986755,0
clouds,0.19403941929340363,0.21154767274856567,0.19463154673576355,0.1691334992647171,0
fur,0.2217342108488083,0.21162372827529907,0.1906958967447281,0.16692456603050232,0
gothic tracery,0.1875666230916977,0.18713362514972687,0.20299573242664337,0.16954806447029114,0
honeycomb,0.18360312283039093,0.23180505633354187,0.18948352336883545,0.18774831295013428,0
smoke,0.19045591354370117,0.20119234919548035,0.19617384672164917,0.16596686840057373,0
spider web,0.17854000627994537,0.19985716044902802,0.19867020845413208,0.1673831045627594,0
tree branches,0.17640551924705505,0.1938726007938385,0.19187043607234955,0.15692482888698578,1
human skull,0.1923297643661499,0.21672771871089935,0.22177396714687347,0.22164103388786316,0
fern frond,0.2369951382279396,0.23002029955387115,0.1933654397726059,0.17142173647880554,0
field of ferns,0.2354334145784378,0.21685335785150528,0.1916888952255249,0.16328386217355728,0
many fern fronds,0.23788722604513168,0.22461216896772385,0.19946488738059998,0.1676614210009575,0
unfurling fern fronds,0.2475372776389122,0.2338222712278366,0.2013879120349884,0.1676102802157402,0
bones,0.20594636599222818,0.2134958654642105,0.2240599642197291,0.1866318682829539,0
bracken leaves,0.23253061870733896,0.22136387725671133,0.19465247790018717,0.16661874453226724,0
