run_id,experiment,structure,mode,prompt,sketch,mass_on_scaffold,compliance,gray_fraction,load_on_solid_fraction,floating_mass_fraction,spanning_mass_fraction,top_to_bottom_connected,support_to_load_connected
F1/tall/sketch-12/both,F1,tall,sketch,,12.jpg,0.7175633471907396,101.02660369873047,0.035552978515625,0.9984496124031008,0.012516460848565657,0.9874835391514344,1.0,1.0
F1/tall/sketch-12/init,F1,tall,sketch,,12.jpg,0.398552954279491,60.62442398071289,0.047271728515625,0.7596899224806202,0.012203021518902311,0.9877969784810977,1.0,1.0
F1/tall/sketch-12/weight,F1,tall,sketch,,12.jpg,0.7151911750117457,102.80014038085938,0.037750244140625,0.993798449612403,0.01273663590866983,0.9872633640913302,1.0,1.0
F1/tall/sketch-3/both,F1,tall,sketch,,3.jpg,0.678429457516591,97.1191635131836,0.03790283203125,0.9054263565891473,0.015058487853540229,0.9849415121464598,1.0,1.0
F1/tall/sketch-3/init,F1,tall,sketch,,3.jpg,0.39838078533176186,55.781227111816406,0.04437255859375,0.7844961240310078,0.010804586221740077,0.9891954137782599,1.0,1.0
F1/tall/sketch-3/weight,F1,tall,sketch,,3.jpg,0.6821337928326952,95.99262237548828,0.03887939453125,0.9224806201550387,0.0156463627206394,0.9843536372793606,1.0,1.0
F2/tall/sketch-12/wend-1200,F2,tall,sketch,,12.jpg,0.7451140312382679,113.4716796875,0.0338134765625,1.0,0.014570466929426066,0.9854295330705739,1.0,1.0
F2/tall/sketch-12/wend-200,F2,tall,sketch,,12.jpg,0.6707117994798606,90.76445007324219,0.032012939453125,0.9023255813953488,0.011868061887663294,0.9879435354208835,1.0,1.0
F2/tall/sketch-12/wend-2000,F2,tall,sketch,,12.jpg,0.7507643472346823,120.20864868164062,0.034149169921875,1.0,0.017925590900054713,0.9820744090999453,1.0,1.0
F2/tall/sketch-12/wend-400,F2,tall,sketch,,12.jpg,0.7175633471907396,101.02660369873047,0.035552978515625,0.9984496124031008,0.012516460848565657,0.9874835391514344,1.0,1.0
F2/tall/sketch-12/wend-800,F2,tall,sketch,,12.jpg,0.7410834670372941,109.8250503540039,0.036956787109375,1.0,0.012753849731680037,0.98724615026832,1.0,1.0
F2b/tall/sketch-12/wstart-200/wend-0,F2b,tall,sketch,,12.jpg,0.4669897986093524,62.79376983642578,0.044525146484375,0.7643410852713178,0.011648007141579077,0.9883519928584209,1.0,1.0
F2b/tall/sketch-12/wstart-200/wend-10,F2b,tall,sketch,,12.jpg,0.4752529900064596,62.96856689453125,0.044952392578125,0.772093023255814,0.011519478476387892,0.9884805215236121,1.0,1.0
F2b/tall/sketch-12/wstart-200/wend-100,F2b,tall,sketch,,12.jpg,0.5579966155546175,67.08326721191406,0.0435791015625,0.8542635658914729,0.012271364085484585,0.9877286359145154,1.0,1.0
F2b/tall/sketch-12/wstart-200/wend-200,F2b,tall,sketch,,12.jpg,0.6451733663803996,76.7720947265625,0.04608154296875,0.8573643410852713,0.024069429235710146,0.9759305707642899,1.0,1.0
F2b/tall/sketch-12/wstart-200/wend-40,F2b,tall,sketch,,12.jpg,0.5019207475143592,63.70087432861328,0.043975830078125,0.8372093023255814,0.01179048984621486,0.9882095101537851,1.0,1.0
F2b/tall/sketch-col3_braced/wend-0,F2b,tall,sketch,,col3_braced.png,0.65137641510213,65.56381225585938,0.02978515625,0.724031007751938,0.009987336844080683,0.9900126631559193,1.0,1.0
F2b/tall/sketch-col3_braced/wend-100,F2b,tall,sketch,,col3_braced.png,0.7530830474299246,74.76753234863281,0.0213623046875,0.9333333333333333,0.008124835734517758,0.9918751642654823,1.0,1.0
F2b/tall/sketch-col3_braced/wend-200,F2b,tall,sketch,,col3_braced.png,0.8263050643811168,85.12828826904297,0.01263427734375,0.9333333333333333,0.007087685124835314,0.9929123148751647,1.0,1.0
F2b/tall/sketch-col3_braced/wend-50,F2b,tall,sketch,,col3_braced.png,0.7027915466084477,69.11888122558594,0.025390625,0.8124031007751938,0.008892127486602671,0.9911078725133974,1.0,1.0
F2b/tall/sketch-col3_braced/wstart-1000,F2b,tall,sketch,,col3_braced.png,0.8994798629612221,97.09600067138672,0.015594482421875,0.8527131782945736,0.009105200921214671,0.9908947990787853,1.0,1.0
F2b/tall/sketch-col3_braced/wstart-2000,F2b,tall,sketch,,col3_braced.png,0.9058779541455824,100.11697387695312,0.0137939453125,0.8527131782945736,0.008970867639299784,0.9910291323607002,1.0,1.0
F2b/tall/sketch-col6_grid/wend-0,F2b,tall,sketch,,col6_grid.png,0.8185791293036694,49.807743072509766,0.023284912109375,0.8806201550387597,0.01086015514274693,0.989139844857253,1.0,1.0
F2b/tall/sketch-col6_grid/wend-100,F2b,tall,sketch,,col6_grid.png,0.9114355995971429,53.68539047241211,0.015625,0.8806201550387597,0.0098358658489485,0.9899105886532727,1.0,1.0
F2b/tall/sketch-col6_grid/wend-200,F2b,tall,sketch,,col6_grid.png,0.9676374085889836,59.334896087646484,0.009521484375,0.8790697674418605,0.009151772798425824,0.9907645084902775,1.0,1.0
F2b/tall/sketch-col6_grid/wend-50,F2b,tall,sketch,,col6_grid.png,0.8791064230887821,51.72311019897461,0.01739501953125,0.8837209302325582,0.009751166568108418,0.9902488334318916,1.0,1.0
F3/tall/sketch-1,F3,tall,sketch,,1.jpg,0.4989076011571327,82.7070541381836,0.037506103515625,0.9968992248062015,0.0175466816728466,0.9824533183271534,1.0,1.0
F3/tall/sketch-11,F3,tall,sketch,,11.jpg,0.8107885416405328,93.00575256347656,0.045196533203125,0.9612403100775194,0.012504447046629102,0.9874955529533709,1.0,1.0
F3/tall/sketch-12,F3,tall,sketch,,12.jpg,0.7175633471907396,101.02660369873047,0.035552978515625,0.9984496124031008,0.012516460848565657,0.9874835391514344,1.0,1.0
F3/tall/sketch-3,F3,tall,sketch,,3.jpg,0.678429457516591,97.1191635131836,0.03790283203125,0.9054263565891473,0.015058487853540229,0.9849415121464598,1.0,1.0
F3/tall/sketch-6,F3,tall,sketch,,6.jpg,0.6779599785985861,103.73522186279297,0.044586181640625,0.9689922480620154,0.013068019671265498,0.9869319803287345,1.0,1.0
F3/tall/sketch-9,F3,tall,sketch,,9.jpg,0.5097601784379782,83.92227935791016,0.024169921875,1.0,0.009433786660061194,0.9905662133399388,1.0,1.0
F3/tall/sketch-col2,F3,tall,sketch,,col2.png,0.953560700486607,90.78523254394531,0.0091552734375,0.9131782945736434,0.0032034509961485894,0.9967965490038514,1.0,1.0
F3/tall/sketch-col3,F3,tall,sketch,,col3.png,0.6778651355745948,63.2852783203125,0.008270263671875,1.0,0.008818852994808335,0.9911811470051917,1.0,1.0
F3/tall/sketch-col3_braced,F3,tall,sketch,,col3_braced.png,0.9113670797358063,103.31363677978516,0.012786865234375,0.9286821705426357,0.008651406734267328,0.9913485932657327,1.0,1.0
F3/tall/sketch-col6_grid,F3,tall,sketch,,col6_grid.png,0.9937065679322081,62.60080337524414,0.019683837890625,0.8775193798449612,0.008875340663271857,0.9911246593367281,1.0,1.0
GATE/bridge3/unguided/beta8/deck-init,GATE,bridge3,unguided,,bridge3_decks.png,0.16907458266161982,543.7002563476562,0.10088045634920635,0.5634743875278396,0.04726940860247603,0.9525531572650553,1.0,1.0
GATE/projection/tall/fern_fronds/hybrid/beta0,GATE,tall,hybrid,fern fronds,,0.7555186641576004,100.66194152832031,0.26312255859375,0.7410852713178294,0.07649355181925042,0.9235064481807496,1.0,1.0
GATE/projection/tall/fern_fronds/hybrid/beta8,GATE,tall,hybrid,fern fronds,,0.7871956271932211,96.59534454345703,0.0750732421875,0.8635658914728682,0.0280996821913319,0.9719003178086681,1.0,1.0
H1/tall/butterfly_wing_venation/hybrid,H1,tall,hybrid,butterfly wing venation,,0.8370822155531021,80.4171142578125,0.05877685546875,0.9782945736434109,0.02936736506865412,0.9706326349313459,1.0,1.0
H1/tall/fern_fronds/hybrid,H1,tall,hybrid,fern fronds,,0.7871956271932211,96.59534454345703,0.0750732421875,0.8635658914728682,0.0280996821913319,0.9719003178086681,1.0,1.0
H1/tall/skeletons/hybrid,H1,tall,hybrid,skeletons,,0.8293017886301334,78.98131561279297,0.095489501953125,0.8697674418604651,0.02904141260040525,0.9709585873995947,1.0,1.0
H2/bridge/butterfly_wing_venation/hybrid,H2,bridge,hybrid,butterfly wing venation,,0.7352175042164047,259.1092224121094,0.046223958333333336,0.9821826280623609,0.012942864448847841,0.9870571355511522,1.0,1.0
H2/bridge/fern_fronds/hybrid,H2,bridge,hybrid,fern fronds,,0.6150178667261533,275.08892822265625,0.07815600198412699,0.9409799554565702,0.03031201961962325,0.9696879803803767,1.0,1.0
H2/bridge/skeletons/hybrid,H2,bridge,hybrid,skeletons,,0.5719508626365196,275.0937805175781,0.06513516865079365,0.9866369710467706,0.019203296435298677,0.9807967035647013,1.0,1.0
H2/short/butterfly_wing_venation/hybrid,H2,short,hybrid,butterfly wing venation,,0.8172602935974481,28.990367889404297,0.13753333333333334,0.9324473975636767,0.03753349383106495,0.961221667847323,1.0,1.0
H2/short/fern_fronds/hybrid,H2,short,hybrid,fern fronds,,0.8299276556230655,27.836891174316406,0.16944444444444445,0.9324473975636767,0.046267133438048225,0.9536327124799815,1.0,1.0
H2/short/skeletons/hybrid,H2,short,hybrid,skeletons,,0.8387610114980674,35.170555114746094,0.12133333333333333,0.9169435215946844,0.037938790614496475,0.9460506333744931,1.0,1.0
H3/tall/sketch-12/butterfly_wing_venation,H3,tall,semantic,butterfly wing venation,12.jpg,0.628680675335363,101.90923309326172,0.050323486328125,0.9922480620155039,0.013684560158854069,0.9863154398411459,1.0,1.0
H3/tall/sketch-12/fern_fronds,H3,tall,semantic,fern fronds,12.jpg,0.6052719229753485,106.10133361816406,0.071044921875,0.9457364341085271,0.018829212894910397,0.9792166250154554,1.0,1.0
H3/tall/sketch-12/skeletons,H3,tall,semantic,skeletons,12.jpg,0.6153215526127898,99.2240982055664,0.074615478515625,0.9178294573643411,0.019580434586274134,0.9793898354396748,1.0,1.0
H3/tall/sketch-col3_braced/butterfly_wing_venation,H3,tall,semantic,butterfly wing venation,col3_braced.png,0.6336949290628892,108.823486328125,0.06524658203125,0.9891472868217054,0.026172605188997198,0.9738273948110028,1.0,1.0
H3/tall/sketch-col3_braced/fern_fronds,H3,tall,semantic,fern fronds,col3_braced.png,0.6329944991353688,104.17386627197266,0.058135986328125,0.9674418604651163,0.03135182590805137,0.9674590238821033,1.0,1.0
H3/tall/sketch-col3_braced/skeletons,H3,tall,semantic,skeletons,col3_braced.png,0.6187467375977077,98.23889923095703,0.056549072265625,0.9875968992248062,0.022204964093258908,0.9777950359067411,1.0,1.0
H3/tall/sketch-col6_grid/butterfly_wing_venation,H3,tall,semantic,butterfly wing venation,col6_grid.png,0.6394443911949295,64.28218841552734,0.05255126953125,0.9922480620155039,0.014239959575829618,0.9848867917542136,1.0,1.0
H3/tall/sketch-col6_grid/fern_fronds,H3,tall,semantic,fern fronds,col6_grid.png,0.6443979658482953,66.47447967529297,0.0595703125,0.9488372093023256,0.01632256632364436,0.983490102399932,1.0,1.0
H3/tall/sketch-col6_grid/skeletons,H3,tall,semantic,skeletons,col6_grid.png,0.6463287649265556,66.32576751708984,0.057586669921875,0.9271317829457364,0.015389735016756,0.9830654217086896,1.0,1.0
H4/tall/butterfly_wing_venation/coadapt-off,H4,tall,hybrid,butterfly wing venation,,0.8543864338703477,84.56071472167969,0.0784912109375,0.937984496124031,0.02744290536644342,0.9725570946335566,1.0,1.0
H4/tall/fern_fronds/coadapt-off,H4,tall,hybrid,fern fronds,,0.8067427897109437,101.1644058227539,0.07733154296875,0.8744186046511628,0.0262899788520168,0.9737100211479832,1.0,1.0
H4/tall/skeletons/coadapt-off,H4,tall,hybrid,skeletons,,0.8430309127338464,85.97064971923828,0.077667236328125,0.9286821705426357,0.019779101617678266,0.9802208983823217,1.0,1.0
H5/bridge/butterfly_wing_venation/hybrid,H5,bridge,hybrid,butterfly wing venation,,0.730230799993364,265.5850830078125,0.04560391865079365,0.977728285077951,0.014326842082584848,0.9856731579174152,1.0,1.0
H5/bridge/fern_fronds/hybrid,H5,bridge,hybrid,fern fronds,,0.612962787705982,279.2394104003906,0.0687624007936508,0.9587973273942094,0.02570102082880824,0.9742989791711918,1.0,1.0
H5/bridge/skeletons/hybrid,H5,bridge,hybrid,skeletons,,0.5707163008424908,281.42608642578125,0.06163194444444445,0.9832962138084633,0.015113595177177624,0.9848864048228224,1.0,1.0
H5/short/butterfly_wing_venation/hybrid,H5,short,hybrid,butterfly wing venation,,0.8421521321113622,33.432464599609375,0.09264444444444445,0.9258028792912513,0.025629307696254402,0.9739423604628233,1.0,1.0
H5/short/fern_fronds/hybrid,H5,short,hybrid,fern fronds,,0.8325533302302282,27.435649871826172,0.1471111111111111,0.9523809523809524,0.04204026583949217,0.9578784978112924,1.0,1.0
H5/short/skeletons/hybrid,H5,short,hybrid,skeletons,,0.8369017629801675,35.95328903198242,0.12593333333333334,0.9302325581395349,0.03506714540510541,0.9499761838462982,1.0,1.0
H5/tall/butterfly_wing_venation/hybrid,H5,tall,hybrid,butterfly wing venation,,0.8261902232243338,81.58784484863281,0.06304931640625,0.9829457364341085,0.02273273679114621,0.9772672632088538,1.0,1.0
H5/tall/fern_fronds/hybrid,H5,tall,hybrid,fern fronds,,0.7849793860357257,97.625732421875,0.073150634765625,0.8744186046511628,0.028736477729756797,0.9712635222702432,1.0,1.0
H5/tall/skeletons/hybrid,H5,tall,hybrid,skeletons,,0.8198319204291755,88.70922088623047,0.065521240234375,0.924031007751938,0.018581710794377346,0.9814182892056227,1.0,1.0
S4/tall/fern_frond/hybrid,S4,tall,hybrid,fern frond,,0.839470327727775,96.45487213134766,0.07305908203125,0.8387596899224806,0.030701465186200004,0.9689230701806304,1.0,1.0
S4/tall/field_of_ferns/hybrid,S4,tall,hybrid,field of ferns,,0.7850318452359983,90.92945098876953,0.083953857421875,0.8790697674418605,0.024340714101893847,0.9756592858981061,1.0,1.0
S4/tall/many_fern_fronds/hybrid,S4,tall,hybrid,many fern fronds,,0.7866052143420916,84.96141815185547,0.097869873046875,0.8573643410852713,0.024241348408214975,0.9750945609097916,1.0,1.0
S4/tall/unfurling_fern_fronds/hybrid,S4,tall,hybrid,unfurling fern fronds,,0.810149102342303,93.04000091552734,0.088897705078125,0.7968992248062016,0.036624075495742,0.961501165364461,1.0,1.0
