run_id,experiment,structure,prompt,coupling,clip_weight_mean,clip_weight_max,clip_raw_z_weight_mean,clip_raw_z_weight_max,cap,mean_fraction_of_cap,max_fraction_of_cap,at_cap
S3/tall/fern_fronds,S3,tall,fern fronds,grad_match,810.6086470031738,,367.0211463928223,,2000.0,0.4053043235015869,,
S3/tall/butterfly_wing_venation,S3,tall,butterfly wing venation,grad_match,716.1952834796906,,274.5709635925293,,2000.0,0.3580976417398453,,
S3/tall/skeletons,S3,tall,skeletons,grad_match,276.29173086166384,,191.15081478118896,,2000.0,0.1381458654308319,,
S3/short/fern_fronds,S3,short,fern fronds,grad_match,117.94850008010864,,86.74617910385132,,2000.0,0.05897425004005432,,
S3/short/butterfly_wing_venation,S3,short,butterfly wing venation,grad_match,371.15885056495665,,79.81833561897278,,2000.0,0.18557942528247834,,
S3/short/skeletons,S3,short,skeletons,grad_match,344.3119231700897,,99.93406236648559,,2000.0,0.17215596158504484,,
S3/bridge/skeletons,S3,bridge,skeletons,grad_match,1085.9369212341308,,669.373687171936,,2000.0,0.5429684606170654,,
S3/bridge/butterfly_wing_venation,S3,bridge,butterfly wing venation,grad_match,1146.686498413086,,717.5100741577148,,2000.0,0.573343249206543,,
S3/bridge/fern_fronds,S3,bridge,fern fronds,grad_match,1165.7789894104003,,766.8577362060547,,2000.0,0.5828894947052001,,
S4/tall/field_of_ferns/semantic,S4,tall,field of ferns,grad_match,244.22320323944092,,205.29232749938964,,2000.0,0.12211160161972046,,
S4/tall/unfurling_fern_fronds/semantic,S4,tall,unfurling fern fronds,grad_match,791.3813337898255,,260.153483543396,,2000.0,0.3956906668949127,,
S4/tall/fern_frond/semantic,S4,tall,fern frond,grad_match,777.8977482986451,,343.52418769836424,,2000.0,0.38894887414932255,,
S4/tall/many_fern_fronds/semantic,S4,tall,many fern fronds,grad_match,753.6679452705383,,274.2049870300293,,2000.0,0.3768339726352692,,
C2/tall/fern_fronds,C2,tall,fern fronds,fixed,601.031982421875,,277.581,,2000.0,0.3005159912109375,,
C2/tall/skeletons,C2,tall,skeletons,fixed,601.031982421875,,277.581,,2000.0,0.3005159912109375,,
C2/tall/butterfly_wing_venation,C2,tall,butterfly wing venation,fixed,601.031982421875,,277.581,,2000.0,0.3005159912109375,,
C2/short/fern_fronds,C2,short,fern fronds,fixed,601.031982421875,,277.581,,2000.0,0.3005159912109375,,
C2/short/skeletons,C2,short,skeletons,fixed,601.031982421875,,277.581,,2000.0,0.3005159912109375,,
C2/short/butterfly_wing_venation,C2,short,butterfly wing venation,fixed,601.031982421875,,277.581,,2000.0,0.3005159912109375,,
C2/bridge/fern_fronds,C2,bridge,fern fronds,fixed,601.031982421875,,277.581,,2000.0,0.3005159912109375,,
C2/bridge/butterfly_wing_venation,C2,bridge,butterfly wing venation,fixed,601.031982421875,,277.581,,2000.0,0.3005159912109375,,
C2/bridge/skeletons,C2,bridge,skeletons,fixed,601.031982421875,,277.581,,2000.0,0.3005159912109375,,
S2b/short/fern_fronds/rho-0.00,S2b,short,fern fronds,grad_match,0.0,,46.96355169057846,,2000.0,0.0,,
S2b/short/fern_fronds/rho-0.25,S2b,short,fern fronds,grad_match,44.483828152418134,,53.35175422668457,,2000.0,0.02224191407620907,,
S2b/short/fern_fronds/rho-0.50,S2b,short,fern fronds,grad_match,112.85973538994789,,63.30483858108521,,2000.0,0.05642986769497394,,
S2b/short/fern_fronds/rho-0.75,S2b,short,fern fronds,grad_match,190.96503645181656,,81.46916933059693,,2000.0,0.09548251822590828,,
S2b/short/fern_fronds/rho-1.00,S2b,short,fern fronds,grad_match,118.47344563961029,,87.43282108306884,,2000.0,0.059236722819805146,,
S2b/short/butterfly_wing_venation/rho-0.00,S2b,short,butterfly wing venation,grad_match,0.0,,43.35369031250477,,2000.0,0.0,,
S2b/short/butterfly_wing_venation/rho-0.50,S2b,short,butterfly wing venation,grad_match,130.80839178025724,,48.40943675994873,,2000.0,0.06540419589012862,,
S2b/short/butterfly_wing_venation/rho-0.25,S2b,short,butterfly wing venation,grad_match,50.206558470726016,,43.656587923169134,,2000.0,0.02510327923536301,,
S2b/short/butterfly_wing_venation/rho-0.75,S2b,short,butterfly wing venation,grad_match,239.98030524253846,,65.32431806564331,,2000.0,0.11999015262126923,,
S2b/short/butterfly_wing_venation/rho-1.00,S2b,short,butterfly wing venation,grad_match,371.6633953142166,,79.79840414047241,,2000.0,0.1858316976571083,,
S2b/short/skeletons/rho-0.00,S2b,short,skeletons,grad_match,0.0,,66.65143612027168,,2000.0,0.0,,
S2b/short/skeletons/rho-0.25,S2b,short,skeletons,grad_match,46.69566613137722,,66.40070508241654,,2000.0,0.023347833065688613,,
S2b/short/skeletons/rho-0.50,S2b,short,skeletons,grad_match,112.19904119610787,,74.86573905944825,,2000.0,0.05609952059805393,,
S2b/short/skeletons/rho-0.75,S2b,short,skeletons,grad_match,230.74312420368196,,83.29498386383057,,2000.0,0.11537156210184098,,
S2b/short/skeletons/rho-1.00,S2b,short,skeletons,grad_match,344.3119231700897,,99.93406236648559,,2000.0,0.17215596158504484,,
S2b/bridge/fern_fronds/rho-0.00,S2b,bridge,fern fronds,grad_match,0.0,,779.6022431373597,,2000.0,0.0,,
S2b/bridge/fern_fronds/rho-0.25,S2b,bridge,fern fronds,grad_match,580.335727994442,,654.3504378604889,,2000.0,0.290167863997221,,
S2b/bridge/fern_fronds/rho-0.50,S2b,bridge,fern fronds,grad_match,705.6168089294433,,678.8705651664734,,2000.0,0.35280840446472167,,
S2b/bridge/fern_fronds/rho-0.75,S2b,bridge,fern fronds,grad_match,898.0672379875183,,704.3078861618042,,2000.0,0.44903361899375915,,
S2b/bridge/fern_fronds/rho-1.00,S2b,bridge,fern fronds,grad_match,1165.812825088501,,770.420498046875,,2000.0,0.5829064125442506,,
S2b/bridge/butterfly_wing_venation/rho-0.00,S2b,bridge,butterfly wing venation,grad_match,0.0,,646.8323545265198,,2000.0,0.0,,
S2b/bridge/butterfly_wing_venation/rho-0.25,S2b,bridge,butterfly wing venation,grad_match,620.0671564221382,,613.5160142850876,,2000.0,0.3100335782110691,,
S2b/bridge/butterfly_wing_venation/rho-0.50,S2b,bridge,butterfly wing venation,grad_match,741.9151849770547,,633.8607069683075,,2000.0,0.37095759248852733,,
S2b/bridge/butterfly_wing_venation/rho-0.75,S2b,bridge,butterfly wing venation,grad_match,923.5903035926818,,685.1898298645019,,2000.0,0.4617951517963409,,
S2b/bridge/butterfly_wing_venation/rho-1.00,S2b,bridge,butterfly wing venation,grad_match,1081.9997833251953,,694.4802507019043,,2000.0,0.5409998916625977,,
S2b/bridge/skeletons/rho-0.00,S2b,bridge,skeletons,grad_match,0.0,,590.3182257843017,,2000.0,0.0,,
S2b/bridge/skeletons/rho-0.25,S2b,bridge,skeletons,grad_match,565.1146213817597,,593.5652940225601,,2000.0,0.2825573106908798,,
S2b/bridge/skeletons/rho-1.00,S2b,bridge,skeletons,grad_match,1207.9139442443848,,706.2016579818726,,2000.0,0.6039569721221923,,
S2b/bridge/skeletons/rho-0.75,S2b,bridge,skeletons,grad_match,962.5209079551697,,680.8512857055664,,2000.0,0.4812604539775849,,
S2b/bridge/skeletons/rho-0.50,S2b,bridge,skeletons,grad_match,722.6695416069031,,616.3309660434722,,2000.0,0.36133477080345155,,
A/tall/fern_fronds/density-only,A,tall,fern fronds,grad_match,162.64252920150756,,,,2000.0,0.08132126460075378,,
A/tall/butterfly_wing_venation/density-only,A,tall,butterfly wing venation,grad_match,662.6308705806732,,,,2000.0,0.33131543529033664,,
A/tall/skeletons/density-only,A,tall,skeletons,grad_match,606.0826447296142,,,,2000.0,0.30304132236480713,,
P/tall/tree_branches,P,tall,tree branches,grad_match,205.93587124824523,,221.49024116516114,,2000.0,0.10296793562412261,,
P/tall/spider_web,P,tall,spider web,grad_match,845.402406654358,,421.54998561859134,,2000.0,0.422701203327179,,
P/tall/bone_trabeculae,P,tall,bone trabeculae,grad_match,735.6974573898316,,358.9293904495239,,2000.0,0.3678487286949158,,
P/tall/gothic_tracery,P,tall,gothic tracery,grad_match,817.3104829788208,,286.489518661499,,2000.0,0.4086552414894104,,
P/tall/honeycomb,P,tall,honeycomb,grad_match,1136.4197416305542,,750.2884977722168,,2000.0,0.5682098708152771,,
P/tall/clouds,P,tall,clouds,grad_match,288.0046103286743,,180.80806407928466,,2000.0,0.14400230516433715,,
P/tall/smoke,P,tall,smoke,grad_match,384.7737808513641,,234.13385566711426,,2000.0,0.19238689042568205,,
P/tall/fur,P,tall,fur,grad_match,710.3808643341065,,301.3754518508911,,2000.0,0.35519043216705326,,
P/tall/a_cat,P,tall,a cat,grad_match,672.1913817119598,,354.62487714767457,,2000.0,0.3360956908559799,,
N/tall/vbtq_orzk_plimw,N,tall,vbtq orzk plimw,grad_match,711.2693901252746,,298.27740695953366,,2000.0,0.35563469506263734,,
N/tall/xjeu_wkqa_dryv,N,tall,xjeu wkqa dryv,grad_match,307.86355648040774,,199.2761752319336,,2000.0,0.15393177824020388,,
N/tall/gmof_ztuy_hcnb,N,tall,gmof ztuy hcnb,grad_match,692.2230575370788,,269.25540252685545,,2000.0,0.3461115287685394,,
N/tall/kwyp_elrj_sqox,N,tall,kwyp elrj sqox,grad_match,300.6392039680481,,212.13249092102052,,2000.0,0.15031960198402405,,
N/tall/rnef_dsnorf,N,tall,rnef dsnorf,grad_match,356.32015144348145,,241.50482639312744,,2000.0,0.17816007572174072,,
N/tall/ytlurfebt_gniw_ntoeiavn,N,tall,ytlurfebt gniw ntoeiavn,grad_match,339.2827936553955,,273.08864356994627,,2000.0,0.16964139682769774,,
N/tall/ntseleosk,N,tall,ntseleosk,grad_match,658.4108608818054,,379.2761274337769,,2000.0,0.3292054304409027,,
L/tall/bracken,L,tall,bracken,grad_match,738.6193312072754,,523.6449465942383,,2000.0,0.3693096656036377,,
L/tall/lightning,L,tall,lightning,grad_match,401.0692439651489,,218.59589559555053,,2000.0,0.20053462198257446,,
L/tall/brick_wall,L,tall,brick wall,grad_match,298.9963566303253,,161.94686376571656,,2000.0,0.14949817831516266,,
V/tall/fern_fronds/vf-0.20,V,tall,fern fronds,grad_match,1407.231438369751,,1174.4943035888673,,2000.0,0.7036157191848755,,
V/tall/fern_fronds/vf-0.40,V,tall,fern fronds,grad_match,431.02507692337036,,106.09488664627075,,2000.0,0.2155125384616852,,
V/tall/fern_fronds/vf-0.50,V,tall,fern fronds,grad_match,156.55388737678527,,40.52432656288147,,2000.0,0.07827694368839264,,
V/tall/butterfly_wing_venation/vf-0.20,V,tall,butterfly wing venation,grad_match,1370.078955154419,,1022.018384552002,,2000.0,0.6850394775772095,,
V/tall/butterfly_wing_venation/vf-0.40,V,tall,butterfly wing venation,grad_match,98.85865982294082,,40.41441990852356,,2000.0,0.049429329911470414,,
V/tall/butterfly_wing_venation/vf-0.50,V,tall,butterfly wing venation,grad_match,66.9114937889576,,22.693377904891967,,2000.0,0.0334557468944788,,
V/tall/skeletons/vf-0.20,V,tall,skeletons,grad_match,1438.3673895645143,,1196.0484788513184,,2000.0,0.7191836947822572,,
V/tall/skeletons/vf-0.40,V,tall,skeletons,grad_match,398.4906930923462,,108.95610618591309,,2000.0,0.1992453465461731,,
V/tall/skeletons/vf-0.50,V,tall,skeletons,grad_match,62.96168085575104,,31.12333727836609,,2000.0,0.03148084042787552,,
V/bridge/fern_fronds/vf-0.20,V,bridge,fern fronds,grad_match,1548.4246530151368,,961.309141998291,,2000.0,0.7742123265075683,,
V/bridge/fern_fronds/vf-0.40,V,bridge,fern fronds,grad_match,786.854649887085,,546.809584350586,,2000.0,0.3934273249435425,,
V/bridge/fern_fronds/vf-0.50,V,bridge,fern fronds,grad_match,667.32647731781,,277.94609996795657,,2000.0,0.333663238658905,,
V/bridge/butterfly_wing_venation/vf-0.20,V,bridge,butterfly wing venation,grad_match,1457.6156842041016,,879.7538881683349,,2000.0,0.7288078421020509,,
V/bridge/butterfly_wing_venation/vf-0.40,V,bridge,butterfly wing venation,grad_match,711.0838334083558,,509.6248865222931,,2000.0,0.3555419167041779,,
V/bridge/butterfly_wing_venation/vf-0.50,V,bridge,butterfly wing venation,grad_match,586.6610608577728,,261.6959635448456,,2000.0,0.2933305304288864,,
V/bridge/skeletons/vf-0.20,V,bridge,skeletons,grad_match,1667.5345649719238,,991.354204788208,,2000.0,0.8337672824859619,,
V/bridge/skeletons/vf-0.40,V,bridge,skeletons,grad_match,878.2141843414306,,524.8937519836426,,2000.0,0.4391070921707153,,
V/bridge/skeletons/vf-0.50,V,bridge,skeletons,grad_match,590.7707496452332,,304.0803782272339,,2000.0,0.2953853748226166,,
M/tall/coral_reef,M,tall,coral reef,grad_match,316.0210791969299,,208.5341781616211,,2000.0,0.15801053959846495,,
M/tall/river_delta,M,tall,river delta,grad_match,783.0439619827271,,461.9182509613037,,2000.0,0.39152198099136354,,
M/tall/mangrove_roots,M,tall,mangrove roots,grad_match,810.8245445632934,,347.67463970184326,,2000.0,0.4054122722816467,,
M/tall/lichen,M,tall,lichen,grad_match,775.1627100944519,,386.30914428710935,,2000.0,0.38758135504722596,,
M/tall/seashell_spiral,M,tall,seashell spiral,grad_match,306.92058849334717,,186.72883296966552,,2000.0,0.1534602942466736,,
M/tall/pine_cone,M,tall,pine cone,grad_match,836.5190036773681,,341.5329105758667,,2000.0,0.41825950183868404,,
M/tall/dragonfly_wing,M,tall,dragonfly wing,grad_match,165.28637850761413,,114.67281888961791,,2000.0,0.08264318925380706,,
M/tall/ice_crystals,M,tall,ice crystals,grad_match,637.4657934951782,,201.32134605407714,,2000.0,0.3187328967475891,,
M/tall/flying_buttresses,M,tall,flying buttresses,grad_match,739.784596195221,,266.0052240562439,,2000.0,0.3698922980976105,,
M/tall/art_nouveau_ironwork,M,tall,art nouveau ironwork,grad_match,248.32600096702575,,118.3699853515625,,2000.0,0.12416300048351288,,
M/tall/bamboo_scaffolding,M,tall,bamboo scaffolding,grad_match,1079.2110441589355,,511.827222366333,,2000.0,0.5396055220794678,,
M/tall/chain_link_fence,M,tall,chain-link fence,grad_match,1031.2336759376526,,480.5873496246338,,2000.0,0.5156168379688263,,
M/tall/stained_glass_window,M,tall,stained glass window,grad_match,755.7993661880494,,290.443433303833,,2000.0,0.37789968309402466,,
M/tall/woven_basket,M,tall,woven basket,grad_match,1089.623000907898,,624.8884978866577,,2000.0,0.544811500453949,,
M/tall/suspension_bridge_cables,M,tall,suspension bridge cables,grad_match,620.1016101074218,,238.4066562652588,,2000.0,0.3100508050537109,,
M/tall/lattice_tower,M,tall,lattice tower,grad_match,449.0806182861328,,308.2671095275879,,2000.0,0.22454030914306639,,
M/tall/lace,M,tall,lace,grad_match,1061.1946765899659,,508.4793621826172,,2000.0,0.5305973382949829,,
M/tall/circuit_board,M,tall,circuit board,grad_match,386.26135486602783,,339.2214611816406,,2000.0,0.1931306774330139,,
M/tall/cracked_mud,M,tall,cracked mud,grad_match,1032.5812019729615,,700.8583184051514,,2000.0,0.5162906009864807,,
M/tall/marble_veins,M,tall,marble veins,grad_match,742.7201176071167,,220.91782747268678,,2000.0,0.3713600588035583,,
M/tall/sound_waves,M,tall,sound waves,grad_match,826.6973773193359,,436.5899588012695,,2000.0,0.41334868865966795,,
M/tall/spiral_galaxy,M,tall,spiral galaxy,grad_match,309.7834056186676,,192.66873058319092,,2000.0,0.1548917028093338,,
M/tall/barbed_wire,M,tall,barbed wire,grad_match,1126.393618774414,,728.4408873748779,,2000.0,0.5631968093872071,,
M/tall/neurons,M,tall,neurons,grad_match,762.1955358886719,,384.75696006774905,,2000.0,0.3810977679443359,,
R/tall/fern_fronds/seed-101,R,tall,fern fronds,grad_match,1244.6483644104003,,685.7419863128662,,2000.0,0.6223241822052001,,
R/tall/fern_fronds/seed-202,R,tall,fern fronds,grad_match,237.41701406478882,,199.87872676849366,,2000.0,0.11870850703239441,,
R/tall/fern_fronds/seed-303,R,tall,fern fronds,grad_match,721.9527870941162,,301.79935401916504,,2000.0,0.36097639354705807,,
R/tall/fern_fronds/seed-404,R,tall,fern fronds,grad_match,601.2380712127685,,419.77340812683104,,2000.0,0.30061903560638426,,
R/tall/butterfly_wing_venation/seed-101,R,tall,butterfly wing venation,grad_match,628.1698170185089,,241.98760911941528,,2000.0,0.3140849085092544,,
R/tall/butterfly_wing_venation/seed-202,R,tall,butterfly wing venation,grad_match,695.2363269424438,,304.1118825531006,,2000.0,0.34761816347122193,,
R/tall/butterfly_wing_venation/seed-303,R,tall,butterfly wing venation,grad_match,618.888455543518,,219.13118846893312,,2000.0,0.309444227771759,,
R/tall/butterfly_wing_venation/seed-404,R,tall,butterfly wing venation,grad_match,909.3512207889557,,512.9872311401367,,2000.0,0.45467561039447785,,
R/tall/skeletons/seed-101,R,tall,skeletons,grad_match,863.3241292953492,,471.8315571594238,,2000.0,0.4316620646476746,,
R/tall/skeletons/seed-202,R,tall,skeletons,grad_match,245.0696773147583,,180.97646915435791,,2000.0,0.12253483865737916,,
R/tall/skeletons/seed-303,R,tall,skeletons,grad_match,657.4477446746827,,275.2193510818481,,2000.0,0.32872387233734135,,
R/tall/skeletons/seed-404,R,tall,skeletons,grad_match,286.49148471832274,,189.94460319519044,,2000.0,0.14324574235916138,,
R/short/fern_fronds/seed-101,R,short,fern fronds,grad_match,280.0441678905487,,95.47453792572021,,2000.0,0.14002208394527435,,
R/short/fern_fronds/seed-202,R,short,fern fronds,grad_match,142.5523273563385,,70.58756244659423,,2000.0,0.07127616367816926,,
R/short/fern_fronds/seed-303,R,short,fern fronds,grad_match,343.4166067647934,,98.14964809417725,,2000.0,0.1717083033823967,,
R/short/fern_fronds/seed-404,R,short,fern fronds,grad_match,108.4728262090683,,76.59033611297608,,2000.0,0.05423641310453415,,
R/short/butterfly_wing_venation/seed-101,R,short,butterfly wing venation,grad_match,337.08467642307284,,81.55472887039184,,2000.0,0.1685423382115364,,
R/short/butterfly_wing_venation/seed-202,R,short,butterfly wing venation,grad_match,360.08959563732145,,80.45437211036682,,2000.0,0.18004479781866073,,
R/short/butterfly_wing_venation/seed-303,R,short,butterfly wing venation,grad_match,372.4351663160324,,68.42821018695831,,2000.0,0.1862175831580162,,
R/short/butterfly_wing_venation/seed-404,R,short,butterfly wing venation,grad_match,359.79344772815705,,81.30319395542145,,2000.0,0.1798967238640785,,
R/short/skeletons/seed-101,R,short,skeletons,grad_match,117.36398470401764,,74.04003448486328,,2000.0,0.05868199235200882,,
R/short/skeletons/seed-202,R,short,skeletons,grad_match,313.43342368602754,,117.91283414840699,,2000.0,0.15671671184301378,,
R/short/skeletons/seed-303,R,short,skeletons,grad_match,299.25321035385133,,101.59784313201904,,2000.0,0.14962660517692566,,
R/short/skeletons/seed-404,R,short,skeletons,grad_match,311.4411173295975,,107.22057920455933,,2000.0,0.15572055866479875,,
R/bridge/fern_fronds/seed-101,R,bridge,fern fronds,grad_match,1156.0168910980224,,709.7214044570923,,2000.0,0.5780084455490112,,
R/bridge/fern_fronds/seed-202,R,bridge,fern fronds,grad_match,1049.5378787231446,,739.9920355987549,,2000.0,0.5247689393615723,,
R/bridge/fern_fronds/seed-303,R,bridge,fern fronds,grad_match,1096.3541857910157,,771.5335292816162,,2000.0,0.5481770928955079,,
R/bridge/fern_fronds/seed-404,R,bridge,fern fronds,grad_match,1107.8129126739502,,757.3830453491211,,2000.0,0.5539064563369751,,
R/bridge/butterfly_wing_venation/seed-101,R,bridge,butterfly wing venation,grad_match,1081.2159828186036,,704.7990305328369,,2000.0,0.5406079914093018,,
R/bridge/butterfly_wing_venation/seed-202,R,bridge,butterfly wing venation,grad_match,990.333631477356,,657.5925033187866,,2000.0,0.495166815738678,,
R/bridge/butterfly_wing_venation/seed-303,R,bridge,butterfly wing venation,grad_match,1165.5049964904786,,731.2506377029418,,2000.0,0.5827524982452392,,
R/bridge/butterfly_wing_venation/seed-404,R,bridge,butterfly wing venation,grad_match,996.70851146698,,686.9357527160645,,2000.0,0.49835425573349,,
R/bridge/skeletons/seed-101,R,bridge,skeletons,grad_match,1519.4916928100586,,991.4510168457032,,2000.0,0.7597458464050293,,
R/bridge/skeletons/seed-202,R,bridge,skeletons,grad_match,1434.2895559692383,,840.1122831726075,,2000.0,0.7171447779846192,,
R/bridge/skeletons/seed-303,R,bridge,skeletons,grad_match,1159.6001782226563,,676.3696126556397,,2000.0,0.5798000891113282,,
R/bridge/skeletons/seed-404,R,bridge,skeletons,grad_match,1093.032557373047,,705.8730139160157,,2000.0,0.5465162786865235,,
X/tall/scrambled/rnef_dsnorf/seed-202,X,tall,rnef dsnorf,grad_match,730.3060606002807,2000.0,495.25813926696776,2000.0,2000.0,0.36515303030014035,1.0,True
X/tall/scrambled/rnef_dsnorf/seed-101,X,tall,rnef dsnorf,grad_match,830.6327692222595,2000.0,438.71149436950685,1131.6783447265625,2000.0,0.41531638461112974,1.0,True
X/tall/scrambled/rnef_dsnorf/seed-303,X,tall,rnef dsnorf,grad_match,299.250291595459,2000.0,175.39114374160766,795.5498657226562,2000.0,0.14962514579772948,1.0,True
X/tall/scrambled/ntseleosk/seed-101,X,tall,ntseleosk,grad_match,386.91487955093385,2000.0,215.29124046325683,864.284912109375,2000.0,0.19345743977546692,1.0,True
X/tall/scrambled/ntseleosk/seed-303,X,tall,ntseleosk,grad_match,173.42342016220093,2000.0,133.23699504852294,727.538818359375,2000.0,0.08671171008110046,1.0,True
X/tall/scrambled/ntseleosk/seed-202,X,tall,ntseleosk,grad_match,901.3807313537598,2000.0,398.9114196395874,1202.5361328125,2000.0,0.45069036567687987,1.0,True
X/tall/paraphrase/bracken_leaves/seed-202,X,tall,bracken leaves,grad_match,662.5139799499511,2000.0,272.44360557556155,684.1475830078125,2000.0,0.33125698997497555,1.0,True
X/tall/paraphrase/bracken_leaves/seed-303,X,tall,bracken leaves,grad_match,778.6975023269654,2000.0,302.2541421508789,714.828369140625,2000.0,0.38934875116348266,1.0,True
X/tall/paraphrase/bracken_leaves/seed-101,X,tall,bracken leaves,grad_match,764.5048923873901,2000.0,353.99165092468263,748.3572998046875,2000.0,0.38225244619369503,1.0,True
X/tall/paraphrase/bones/seed-101,X,tall,bones,grad_match,787.1460411262512,2000.0,383.4624048614502,955.8036499023438,2000.0,0.3935730205631256,1.0,True
X/tall/paraphrase/bones/seed-202,X,tall,bones,grad_match,858.3996090316773,2000.0,442.8304522323608,1254.1087646484375,2000.0,0.42919980451583867,1.0,True
X/tall/paraphrase/bones/seed-303,X,tall,bones,grad_match,723.569388999939,2000.0,317.2229846191406,853.9207763671875,2000.0,0.3617846944999695,1.0,True
G/tall/roman_aqueduct_arches,G,tall,roman aqueduct arches,grad_match,619.8459851646423,2000.0,142.184296875,473.1214904785156,2000.0,0.30992299258232114,1.0,True
G/tall/an_obelisk,G,tall,an obelisk,grad_match,807.6697464370727,2000.0,316.918591003418,727.181884765625,2000.0,0.40383487321853634,1.0,True
G/tall/chainmail,G,tall,chainmail,grad_match,430.6517978286743,2000.0,308.8298867034912,1012.3276977539062,2000.0,0.21532589891433715,1.0,True
G/tall/a_solid_stone_wall,G,tall,a solid stone wall,grad_match,327.1362321281433,2000.0,164.84327516555786,579.040283203125,2000.0,0.16356811606407165,1.0,True
G/tall/sedimentary_rock_layers,G,tall,sedimentary rock layers,grad_match,807.3891848754882,2000.0,317.40609157562255,712.077880859375,2000.0,0.40369459243774414,1.0,True
G/tall/a_spiral_staircase,G,tall,a spiral staircase,grad_match,612.328974609375,2000.0,184.20652809143067,528.1013793945312,2000.0,0.3061644873046875,1.0,True
G/short/a_solid_stone_wall,G,short,a solid stone wall,grad_match,332.61658312797545,2000.0,97.65545204162598,256.1261291503906,2000.0,0.16630829156398771,1.0,True
G/short/sedimentary_rock_layers,G,short,sedimentary rock layers,grad_match,147.79056266784667,2000.0,95.61138055801392,294.9358825683594,2000.0,0.07389528133392334,1.0,True
G/short/roman_aqueduct_arches,G,short,roman aqueduct arches,grad_match,230.5771884775162,2000.0,53.39246021986008,149.33470153808594,2000.0,0.11528859423875809,1.0,True
G/short/an_obelisk,G,short,an obelisk,grad_match,316.95739204883574,2000.0,93.96995591163635,247.6313934326172,2000.0,0.15847869602441786,1.0,True
G/short/chainmail,G,short,chainmail,grad_match,338.42610090732575,2000.0,107.70734922409058,247.0511016845703,2000.0,0.16921305045366286,1.0,True
G/short/a_spiral_staircase,G,short,a spiral staircase,grad_match,300.4686813020706,2000.0,70.31345896720886,178.9693603515625,2000.0,0.1502343406510353,1.0,True
G/bridge/sedimentary_rock_layers,G,bridge,sedimentary rock layers,grad_match,1182.833228302002,2000.0,732.782547454834,2000.0,2000.0,0.591416614151001,1.0,True
G/bridge/chainmail,G,bridge,chainmail,grad_match,1187.7615618896484,2000.0,723.5173418426514,2000.0,2000.0,0.5938807809448242,1.0,True
G/bridge/a_solid_stone_wall,G,bridge,a solid stone wall,grad_match,1178.701545562744,2000.0,709.1108039855957,2000.0,2000.0,0.589350772781372,1.0,True
G/bridge/roman_aqueduct_arches,G,bridge,roman aqueduct arches,grad_match,1134.7487699508667,2000.0,550.1114097976684,2000.0,2000.0,0.5673743849754334,1.0,True
G/bridge/an_obelisk,G,bridge,an obelisk,grad_match,1176.54375289917,2000.0,659.3492553329468,2000.0,2000.0,0.588271876449585,1.0,True
G/bridge/a_spiral_staircase,G,bridge,a spiral staircase,grad_match,1129.2433980560302,2000.0,603.4759160614013,2000.0,2000.0,0.5646216990280151,1.0,True
S2c/tall/fern_fronds/rho-0.00/seed-202,S2c,tall,fern fronds,grad_match,0.0,0.0,155.628903696537,501.706787109375,2000.0,0.0,0.0,False
S2c/tall/fern_fronds/rho-0.00/seed-101,S2c,tall,fern fronds,grad_match,0.0,0.0,208.17332146167755,845.8873901367188,2000.0,0.0,0.0,False
S2c/tall/fern_fronds/rho-0.00/seed-303,S2c,tall,fern fronds,grad_match,0.0,0.0,183.25276384830474,501.7274475097656,2000.0,0.0,0.0,False
S2c/tall/fern_fronds/rho-1.00/seed-101,S2c,tall,fern fronds,grad_match,1244.6483644104003,2000.0,685.7419863128662,2000.0,2000.0,0.6223241822052001,1.0,True
S2c/tall/fern_fronds/rho-1.00/seed-202,S2c,tall,fern fronds,grad_match,237.41701406478882,2000.0,199.87872676849366,522.5325927734375,2000.0,0.11870850703239441,1.0,True
S2c/tall/fern_fronds/rho-1.00/seed-303,S2c,tall,fern fronds,grad_match,721.9527870941162,2000.0,301.79935401916504,653.5972900390625,2000.0,0.36097639354705807,1.0,True
S2c/tall/fern_fronds/rho-0.50/seed-202,S2c,tall,fern fronds,grad_match,109.1654929971695,2000.0,132.59052669525147,522.5325927734375,2000.0,0.054582746498584744,1.0,True
S2c/tall/fern_fronds/rho-0.50/seed-101,S2c,tall,fern fronds,grad_match,475.0657714629173,2000.0,355.8559432029724,1198.092041015625,2000.0,0.23753288573145867,1.0,True
S2c/tall/fern_fronds/rho-0.50/seed-303,S2c,tall,fern fronds,grad_match,411.26973314523696,2000.0,199.843162317276,594.1643676757812,2000.0,0.20563486657261848,1.0,True
