set,measure,band,n,mean_pairwise_distance,ci95_low,ci95_high,pc1_variance,pc2_variance,mean_quality,quality_n
unguided seeds,structural,all,5,0.3079381566714739,0.25742079233754483,0.36455306850580665,0.2734749258731035,0.16849274924368476,1.0052946378730137,5
parameter sweep,structural,all,23,0.37080967769931683,0.35395079959122006,0.3876058069456742,0.2734749258731035,0.16849274924368476,0.8332868076658801,12
volume sweep,structural,all,3,0.6462940795346612,0.42791862730210983,0.8100791160084698,0.2734749258731035,0.16849274924368476,,0
ours,structural,all,24,0.9012367349016266,0.8816850597498966,0.9211833802516455,0.2734749258731035,0.16849274924368476,0.9050521610481752,24
semantic prompts,structural,all,15,0.8797230736895322,0.8566729778357415,0.903131131814525,0.2734749258731035,0.16849274924368476,0.9387494292088818,15
conventional union,structural,all,31,0.4740277530079762,0.4591242575606868,0.4888167730716196,0.2734749258731035,0.16849274924368476,0.8838773459620959,17
unguided seeds,geometric,all,5,3.4691068622624845,2.950790092833983,4.052867493333298,0.26372922911142005,0.15434824695775437,1.0052946378730137,5
parameter sweep,geometric,all,23,4.561088085300268,4.369079734272575,4.748817032861743,0.26372922911142005,0.15434824695775437,0.8332868076658801,12
volume sweep,geometric,all,3,9.021900223790825,6.635165522596683,11.381815610949774,0.26372922911142005,0.15434824695775437,,0
ours,geometric,all,24,8.864865906216444,8.68137249239498,9.054825830479889,0.26372922911142005,0.15434824695775437,0.9050521610481752,24
semantic prompts,geometric,all,15,8.649336747422627,8.436220456578845,8.86266753568232,0.26372922911142005,0.15434824695775437,0.9387494292088818,15
conventional union,geometric,all,31,5.785236502063121,5.60160013853037,5.970614222335417,0.26372922911142005,0.15434824695775437,0.8838773459620959,17
unguided seeds,perceptual,all,5,0.11902353279224073,0.11104186751228923,0.12818287816291063,0.21521242624648362,0.12014083131836747,1.0052946378730137,5
parameter sweep,perceptual,all,23,0.2711419204478428,0.26202019612111627,0.2803623925078045,0.21521242624648362,0.12014083131836747,0.8332868076658801,12
volume sweep,perceptual,all,3,0.31057375682088295,0.2997112300113937,0.32979809199006727,0.21521242624648362,0.12014083131836747,,0
ours,perceptual,all,24,0.4696019633508762,0.4620584920850461,0.47703473359119974,0.21521242624648362,0.12014083131836747,0.9050521610481752,24
semantic prompts,perceptual,all,15,0.4761059907753637,0.4608657566365811,0.49160238985097177,0.21521242624648362,0.12014083131836747,0.9387494292088818,15
conventional union,perceptual,all,31,0.28818299075394843,0.2814090818060634,0.29501455433315477,0.21521242624648362,0.12014083131836747,0.8838773459620959,17
unguided seeds,structural_binary,all,5,0.7751898349233841,0.7198838003240027,0.833008032862284,0.12498409160418482,0.07755592942333726,1.0052946378730137,5
parameter sweep,structural_binary,all,23,0.8658748082460636,0.8403483295908067,0.8914229112986438,0.12498409160418482,0.07755592942333726,0.8332868076658801,12
volume sweep,structural_binary,all,3,1.2985050290105555,1.1814104262066711,1.3720977253271947,0.12498409160418482,0.07755592942333726,,0
ours,structural_binary,all,24,1.020447058626726,1.0093021695104483,1.0317555879602982,0.12498409160418482,0.07755592942333726,0.9050521610481752,24
semantic prompts,structural_binary,all,15,0.981573374623609,0.9657038639031188,0.9978458056300366,0.12498409160418482,0.07755592942333726,0.9387494292088818,15
conventional union,structural_binary,all,31,0.9700994266937272,0.9499255061623322,0.9904444487239024,0.12498409160418482,0.07755592942333726,0.8838773459620959,17
unguided seeds,structural,quality 0.75-1.05,5,0.3079381566714739,0.25742079233754483,0.36455306850580665,0.2443113135570906,0.18851703084889643,1.0052946378730137,5
parameter sweep,structural,quality 0.75-1.05,12,0.4038593925737899,0.36674282467539776,0.442061528918307,0.2443113135570906,0.18851703084889643,0.8332868076658801,12
ours,structural,quality 0.75-1.05,24,0.9012367349016266,0.8816850597498966,0.9211833802516455,0.2443113135570906,0.18851703084889643,0.9050521610481752,24
semantic prompts,structural,quality 0.75-1.05,14,0.8751801382165987,0.8497281807545234,0.9003808517913573,0.2443113135570906,0.18851703084889643,0.955106716568339,14
conventional union,structural,quality 0.75-1.05,17,0.4838021782327895,0.45672781467679613,0.5103985583136913,0.2443113135570906,0.18851703084889643,0.8838773459620959,17
unguided seeds,geometric,quality 0.75-1.05,5,3.4691068622624845,2.950790092833983,4.052867493333298,0.22971479245350632,0.1875956392452718,1.0052946378730137,5
parameter sweep,geometric,quality 0.75-1.05,12,4.897597501366716,4.488100231987491,5.314331807608331,0.22971479245350632,0.1875956392452718,0.8332868076658801,12
ours,geometric,quality 0.75-1.05,24,8.864865906216444,8.68137249239498,9.054825830479889,0.22971479245350632,0.1875956392452718,0.9050521610481752,24
semantic prompts,geometric,quality 0.75-1.05,14,8.64055371842629,8.401077072925588,8.876100836771124,0.22971479245350632,0.1875956392452718,0.955106716568339,14
conventional union,geometric,quality 0.75-1.05,17,5.684111387285319,5.390248846110752,5.968686699830364,0.22971479245350632,0.1875956392452718,0.8838773459620959,17
unguided seeds,perceptual,quality 0.75-1.05,5,0.11902353279224073,0.11104186751228923,0.12818287816291063,0.2014020845137869,0.11824682926019468,1.0052946378730137,5
parameter sweep,perceptual,quality 0.75-1.05,12,0.2321353579956839,0.21631346108106905,0.24857001365518752,0.2014020845137869,0.11824682926019468,0.8332868076658801,12
ours,perceptual,quality 0.75-1.05,24,0.4696019633508762,0.4620584920850461,0.47703473359119974,0.2014020845137869,0.11824682926019468,0.9050521610481752,24
semantic prompts,perceptual,quality 0.75-1.05,14,0.47272048788294485,0.455956498545544,0.48965290760476443,0.2014020845137869,0.11824682926019468,0.955106716568339,14
conventional union,perceptual,quality 0.75-1.05,17,0.24782603224856642,0.23592357285900928,0.2595387606640513,0.2014020845137869,0.11824682926019468,0.8838773459620959,17
unguided seeds,structural_binary,quality 0.75-1.05,5,0.7751898349233841,0.7198838003240027,0.833008032862284,0.11190160014697532,0.08993709629254712,1.0052946378730137,5
parameter sweep,structural_binary,quality 0.75-1.05,12,0.8033107445108978,0.7496900929303213,0.8559618993819628,0.11190160014697532,0.08993709629254712,0.8332868076658801,12
ours,structural_binary,quality 0.75-1.05,24,1.020447058626726,1.0093021695104483,1.0317555879602982,0.11190160014697532,0.08993709629254712,0.9050521610481752,24
semantic prompts,structural_binary,quality 0.75-1.05,14,0.9835734666019855,0.966319738436416,1.0010213270909647,0.11190160014697532,0.08993709629254712,0.955106716568339,14
conventional union,structural_binary,quality 0.75-1.05,17,0.9038249233448793,0.8693748498169366,0.936457694301764,0.11190160014697532,0.08993709629254712,0.8838773459620959,17
